Name,Effect Size of Serum Metformin,Effect Size of HbA1c,SUB_PATHWAY,SMILES,INCHIKEY,CHEMICAL_NAME,PLOT_NAME,CAS,HMDB,KEGG,xlogP3
adenosine,0.069340546,NA,"Purine Metabolism, Adenine containing",NC1=NC=NC2=C1N=CN2[C@@]3([H])[C@@](O)([H])[C@@](O)([H])[C@](CO)([H])O3,OIRDTQYFTABQOQ-KQYNXXCUBX,adenosine,adenosine,58-61-7,HMDB0000050,C00212,2.9877
alanine,0.40938392,NA,Alanine and Aspartate Metabolism,O=C(O)[C@@H](N)C,QNAYBMKLOCPYGJ-REOHCLBHBS,alanine,alanine,56-41-7,HMDB0000161,C00041,-1.4847
alliin,0.103068947,NA,Food Component/Plant,C=CCS(C[C@H](N)C(O)=O)=O,XUHLIQGRKRUKPH-ITZCMCNPBT,alliin,alliin,556-27-4,HMDB0033592,C08265,-1.4847
alpha.CEHC.sulfate,0.095333381,NA,Tocopherol Metabolism,CC1=C(OS(O)(=O)=O)C(C)=C2C(OC(C)(CCC(O)=O)CC2)=C1C,NA,alpha-CEHC sulfate,alpha-CEHC sulfate,NA,NA,NA,12.8352
alpha.hydroxyisocaproate,NA,0.202795406,"Leucine, Isoleucine and Valine Metabolism",OC(C(CC(C)C)O)=O,LVRFTAZAXQPQHI-YFKPBYRVBW,alpha-hydroxyisocaproate,alpha-hydroxyisocaproate,10303-64-7,"HMDB0000665,HMDB00746,HMDB0000624",C03264,10.9848
alpha.hydroxyisovalerate,NA,0.235432599,"Leucine, Isoleucine and Valine Metabolism",OC(C(O)=O)C(C)C,NGEWQZIDQIYUNV-UHFFFAOYAS,alpha-hydroxyisovalerate,alpha-hydroxyisovalerate,600-37-3,HMDB0000407,NA,5.1766
alpha.ketobutyrate,NA,0.334601592,"Methionine, Cysteine, SAM and Taurine Metabolism",OC(C(CC)=O)=O,TYEYBOSBBBHJIV-REWHXWOFAN,alpha-ketobutyrate,alpha-ketobutyrate,600-18-0,HMDB0000005,C00109,11.0809
alpha.ketoglutarate,NA,0.343230545,TCA Cycle,O=C(C(O)=O)CCC(O)=O,KPGXRSRHYNQIFN-UHFFFAOYAN,alpha-ketoglutarate,alpha-ketoglutarate,"328-50-7,22202-68-2,305-72-6",HMDB0000208,C00026,-1.7464
androsterone.glucuronide,0.166923247,NA,Androgenic Steroids,O[C@H]1[C@H](O)[C@@H]([C@](O)=O)O[C@@H](O[C@@H]2CC[C@@]3(C)[C@](CC[C@]4([H])[C@]3([H])CC[C@@]5(C)[C@@]4([H])CCC5=O)([H])C2)[C@@H]1O,VFUIRAVTUVCQTF-BSOWLZGZBS,androsterone glucuronide,androsterone glucuronide,1852-43-3,HMDB0002829,C11135,-2.5398
arabinose,0.079686118,0.193015611,Pentose Metabolism,O[C@@H]1CO[C@@H](O)[C@@H](O)[C@@H]1O,PYMYPHUHKUWMLA-WDCZJNDABW,arabinose,arabinose,28697-53-2,HMDB0029942,C00216,3.3778
arabonate.xylonate,0.063332769,NA,Pentose Metabolism,OC([C@H]([C@@H]([C@@H](CO)O)O)O)=O,NA,arabonate/xylonate,arabonate/xylonate,NA,HMDB0000539,"C00502,C05411",4.0501
arachidonoylcholine,NA,-0.581844037,Fatty Acid Metabolism (Acyl Choline),O=C(CCC/[C-]=C/C/C=C/C/C=C/C/C=C/CCCCC)OCC[N+](C)(C)C,NA,arachidonoylcholine,arachidonoylcholine,NA,HMDB0240583,NA,1.6266
argininate.,NA,0.283472965,Urea cycle; Arginine and Proline Metabolism,N=C(N)NCCC[C@H](O)C(O)=O,BMFMQGXDDJALKQ-BYPYZUCNBB,argininate*,argininate*,157-07-3,HMDB0003148,NA,2.3565
arginine,-0.395963417,-0.173184819,Urea cycle; Arginine and Proline Metabolism,N=C(N)NCCCC(N)C(O)=O,ODKSFYDXXFIFQN-UHFFFAOYAT,arginine,arginine,1119-34-2,HMDB0000517,C00062,8.4806
ascorbic.acid.3.sulfate.,0.130534798,NA,Ascorbate and Aldarate Metabolism,O=C1O[C@@]([C@@H](O)CO)([H])C(OS(=O)(O)=O)=C1O,FBFZPSQPKNIVMT-ZAFYKAAXBA,ascorbic acid 3-sulfate*,ascorbic acid 3-sulfate*,NA,NA,NA,5.3607
asparagine,-0.064094557,NA,Alanine and Aspartate Metabolism,NC(C[C@H](N)C(O)=O)=O,DCXYFEDJOCDNAF-REOHCLBHBD,asparagine,asparagine,70-47-3,HMDB0000168,C00152,4.5302
aspartate,NA,0.192249892,Alanine and Aspartate Metabolism,NC(C(O)=O)CC(O)=O,CKLJMWTZIZZHCS-REOHCLBHBW,aspartate,aspartate,56-84-8,HMDB0000191,C00049,4.6878
benzoate,0.159685137,NA,Benzoate Metabolism,OC(C1=CC=CC=C1)=O,WPYMKLBDIGXBTP-UHFFFAOYAD,benzoate,benzoate,65-85-0,HMDB0001870,C00180,4.1908
beta.citrylglutamate,0.256595864,NA,Glutamate Metabolism,OC(CC(C(NC(CCC(O)=O)C(O)=O)=O)(CC(O)=O)O)=O,GAQNUGISBQJMKO-UHFFFAOYAK,beta-citrylglutamate,beta-citrylglutamate,73590-26-8,NA,C20775,-0.0787
beta.hydroxyisovalerate,NA,0.258212025,"Leucine, Isoleucine and Valine Metabolism",CC(C)(O)CC(O)=O,4000,beta-hydroxyisovalerate,beta-hydroxyisovalerate,625-08-1,HMDB0000754,NA,11.7169
bilirubin..Z.Z.,NA,-0.272922524,Hemoglobin and Porphyrin Metabolism,CC(C(N\1)=O)=C(C=C)C1=C/C2=C(C)C(CCC(O)=O)=C(CC3=C(CCC(O)=O)C(C)=C(/C=C4NC(C(C=C)=C/4C)=O)N3)N2,BPYKTIZUTYGOLE-IFADSCNNBS,"bilirubin (Z,Z)",bilirubin,635-65-4,HMDB0000054,C00486,12.0491
bilirubin.degradation.product..C16H18N2O5..1...,-0.116151418,NA,Partially Characterized Molecules,NA,NA,"bilirubin degradation product, C16H18N2O5 (1)**","bilirubin degradation product, C16H18N2O5 (1)**",NA,NA,NA,5.1358
bilirubin.degradation.product..C16H18N2O5..2...,-0.095214342,NA,Partially Characterized Molecules,NA,NA,"bilirubin degradation product, C16H18N2O5 (2)**","bilirubin degradation product, C16H18N2O5 (2)**",NA,NA,NA,3.6715
bilirubin.degradation.product..C16H18N2O5..3...,-0.122602612,NA,Partially Characterized Molecules,NA,NA,"bilirubin degradation product, C16H18N2O5 (3)**","bilirubin degradation product, C16H18N2O5 (3)**",NA,NA,NA,4.4148
bilirubin.degradation.product..C16H18N2O5..4...,-0.120825858,NA,Partially Characterized Molecules,NA,NA,"bilirubin degradation product, C16H18N2O5 (4)**","bilirubin degradation product, C16H18N2O5 (4)**",NA,NA,NA,10.496
bilirubin.degradation.product..C17H20N2O5..1...,-0.063916876,NA,Partially Characterized Molecules,NA,NA,"bilirubin degradation product, C17H20N2O5 (1)**","bilirubin degradation product, C17H20N2O5 (1)**",NA,NA,NA,4.3556
branched.chain..straight.chain..or.cyclopropyl.10.1.fatty.acid..1..,-0.278425385,NA,Partially Characterized Molecules,CC(C)CCCC/C=C/C(O)=O,NA,"branched-chain, straight-chain, or cyclopropyl 10:1 fatty acid (1)*","branched-chain, straight-chain, or cyclopropyl 10:1 fatty acid (1)*",NA,NA,NA,11.1607
butyrate.isobutyrate..4.0.,0.064772747,NA,Short Chain Fatty Acid,OC(CCC)=O,FERIUCNNQQJTOY-UHFFFAOYAP,butyrate/isobutyrate (4:0),butyrate/isobutyrate (4:0),109-92-6,HMDB0000039,C00246,11.4929
butyrylcarnitine..C4.,NA,0.231322008,Fatty Acid Metabolism (also BCAA Metabolism),CCCC(O[C@H](CC([O-])=O)C[N+](C)(C)C)=O,QWYFHHGCZUCMBN-SECBINFHBA,butyrylcarnitine (C4),butyrylcarnitine (C4),25576-40-3,HMDB0002013,C02862,10.8285
caffeic.acid.sulfate,0.226101867,NA,Food Component/Plant,OS(OC1=CC=C(C=C1O)/C=C/C(O)=O)(=O)=O,SNVAIAITQIIEMQ-DUXPYHPUBQ,caffeic acid sulfate,caffeic acid sulfate,NA,HMDB0041708,NA,8.0565
caproate..6.0.,0.156482871,NA,Medium Chain Fatty Acid,CCCCCC(O)=O,FUZZWVXGSFPDMH-UHFFFAOYAY,caproate (6:0),caproate (6:0),142-62-1,HMDB0000535,C01585,9.7037
carboxyethyl.GABA,0.098282475,NA,Glutamate Metabolism,O=C(CCCNCCC(O)=O)O,SRGQUICKDUQCKO-UHFFFAOYAD,carboxyethyl-GABA,carboxyethyl-GABA,02/03/4386,HMDB0002201,NA,1.6921
chenodeoxycholate,NA,0.162361106,Primary Bile Acid Metabolism,C[C@]12CC[C@]3([H])[C@@]4(C)CC[C@@H](O)C[C@@]4([H])C[C@@H](O)[C@@]3([H])[C@]1([H])CC[C@@]2(C(CCC(O)=O)C)[H],NA,chenodeoxycholate,chenodeoxycholate,"474-25-9,474-24-9",HMDB0000518,C02528,11.9409
chenodeoxycholic.acid.sulfate..1.,NA,0.325009295,Primary Bile Acid Metabolism,O[C@H]1[C@]2([H])[C@@](CC[C@@]3(C)[C@@]2([H])CC[C@]3([H])[C@H](C)CCC(O)=O)([H])[C@@]4(C)CC[C@@H](OS(=O)(O)=O)C[C@@]4([H])C1,NA,chenodeoxycholic acid sulfate (1),chenodeoxycholic acid sulfate (1),NA,HMDB0002522,NA,12.2731
chiro.inositol,-0.067783463,NA,Inositol Metabolism,O[C@@H]1[C@@H](O)[C@H](O)[C@@H](O)[C@@H](O)[C@@H]1O,CDAISMWEOUEBRE-LKPKBOIGBG,chiro-inositol,chiro-inositol,643-12-9,HMDB0240209,C19891,11.8327
cholate,-0.188007086,NA,Primary Bile Acid Metabolism,O[C@H]1[C@@]2([H])[C@]3([H])CC[C@H]([C@H](C)CCC(O)=O)[C@@]3(C)[C@@H](O)C[C@]2([H])[C@@]4(C)CC[C@@H](O)CC4C1,BHQCQFFYRZLCQQ-OELDTZBJBZ,cholate,cholate,81-25-4,HMDB0000619,C00695,5.3598
cholesterol.sulfate,0.135709987,NA,Sterol,CC1(C2C(C)CCCC(C)C)C(CC2)C(CC=C3C4(CCC(OS(=O)(O)=O)C3)C)C4CC1,BHYOQNUELFTYRT-WHYDCBPWBW,cholesterol sulfate,cholesterol sulfate,2864-50-8,HMDB00653,C18043,2.4723
cholic.acid.glucuronide,-0.280251983,NA,Primary Bile Acid Metabolism,O[C@H]1[C@@]2([H])[C@]3([H])CC[C@H]([C@H](C)CCC(O)=O)[C@@]3(C)[C@@H](O)C[C@]2([H])[C@@]4(C)CC[C@@H](OC5C(O)C(O)C(O)C(C(O)=O)O5)CC4C1,NA,cholic acid glucuronide,cholic acid glucuronide,NA,HMDB0002577,NA,-0.7972
choline,0.068327291,NA,Phospholipid Metabolism,[O-]CC[N+](C)(C)C,CRBHXDCYXIISFC-UHFFFAOYAW,choline,choline,67-48-1,HMDB0000097,C00114,0.4928
choline.phosphate,NA,-0.209805151,Phospholipid Metabolism,C[N+](C)(CCOP(O)([O-])=O)C,YHHSONZFOIEMCP-UHFFFAOYAD,choline phosphate,phosphocholine,72556-74-2,HMDB0001565,C00588,-1.3084
cinnamoylglycine,NA,-0.383602385,Food Component/Plant,O=C(NCC(O)=O)/C=C/C1=CC=CC=C1,YAADMLWHGMUGQL-VOTSOKGWBK,cinnamoylglycine,cinnamoylglycine,16534-24-0,HMDB0011621,NA,-0.1917
citraconate.glutaconate,0.072303812,NA,TCA Cycle,C/C(C(O)=O)=C/C(O)=O,NA,citraconate/glutaconate,citraconate/glutaconate,NA,"HMDB0000634,HMDB0000620","C02226,C02214",0.9786
citrulline,-0.459528256,NA,Urea cycle; Arginine and Proline Metabolism,NC(C(O)=O)CCCNC(N)=O,RHGKLRLOHDJJDR-UHFFFAOYAQ,citrulline,citrulline,372-75-8,HMDB0000904,C00327,0.4504
cortisone,-0.08748394,NA,Corticosteroids,O[C@@]1([C@@](CO)=O)[C@](C2)(C)[C@](CC1)([H])[C@@](CCC3=CC4=O)([H])[C@]([C@@]3(C)CC4)([H])C2=O,IWIJFUQFXLWZIA-UHFFFAOYAP,cortisone,cortisone,53-06-5,HMDB0002802,C00762,5.3607
cortolone.glucuronide..1.,NA,0.36326618,Corticosteroids,O[C@H]([C@]([C@]([C@]1([H])[C@@](CC2)([H])[C@@]3([H])[C@]([C@@]2([H])C[C@@H]4OC5C(O)C(O)C(O)C(C(O)=O)O5)(CC4)C)(CC3=O)C)(CC1)O)CO,NA,cortolone glucuronide (1),cortolone glucuronide (1),NA,NA,NA,0.478
cysteine.glutathione.disulfide,NA,-0.229946749,Glutathione Metabolism,NC(C(O)=O)CCC(NC(CSSCC(N)C(O)=O)C(NCC(O)=O)=O)=O,BNRXZEPOHPEEAS-UHFFFAOYAL,cysteine-glutathione disulfide,cysteine-glutathione disulfide,13081-14-6,HMDB0000656,R00900,0.185
cysteine.s.sulfate,NA,0.218860261,"Methionine, Cysteine, SAM and Taurine Metabolism",N[C@H](C(O)=O)CSS(O)(=O)=O,NOKPBJYHPHHWAN-REOHCLBHBK,cysteine s-sulfate,cysteine s-sulfate,1637-71-4,HMDB0000731,C05824,-0.3132
cysteine.sulfinic.acid,NA,0.176351055,"Methionine, Cysteine, SAM and Taurine Metabolism",O=C(C(CS(O)=O)N)O,ADVPTQAUNPRNPO-UHFFFAOYAU,cysteine sulfinic acid,cysteine sulfinic acid,207121-48-0,HMDB0000996,C00606,6.0835
cytosine,0.106908353,NA,"Pyrimidine Metabolism, Cytidine containing",NC1=NC(NC=C1)=O,OPTASPLRGRRNAP-UHFFFAOYAY,cytosine,cytosine,71-30-7,HMDB0000630,C00380,6.8637
deoxycholate,0.315270666,0.311098681,Secondary Bile Acid Metabolism,CC12[C@@]([C@]3([H])CC[C@]4([H])C[C@H](O)CC[C@]4(C)[C@@]3([H])C[C@@H]2O)([H])CC[C@]1([H])[C@]([H])(C)CCC(O)=O,KXGVEGMKQFWNSR-LLQZFEROBK,deoxycholate,deoxycholate,83-44-3,HMDB0000626,C04483,-0.7033
deoxycholic.acid.12.sulfate.,NA,0.370442795,Secondary Bile Acid Metabolism,O[C@H]1C[C@]2([H])[C@]([C@@]3([H])C[C@H](OS(O)(=O)=O)[C@@]4(C)[C@](CC[C@@]4([C@H](C)CCC(O)=O)[H])([H])[C@]3([H])CC2)(C)CC1,NA,deoxycholic acid 12-sulfate*,deoxycholic acid 12-sulfate*,NA,NA,NA,1.0122
dexpanthenol,-0.104091685,NA,Chemical,OCC(C)(C)C(O)C(NCCCO)=O,SNPLKNRPJHDVJA-UHFFFAOYAQ,dexpanthenol,dexpanthenol,16485-10-2,HMDB0004231,D03726,2.9627
diacylglycerol..16.1.18.2..2...16.0.18.3..1...,0.278238947,NA,Diacylglycerol,CCCCCC/C=C/CCCCCCCC(OCC(OC(CCCCCCC/C=C/C/C=C/CCCCC)=O)CO)=O,NA,"diacylglycerol (16:1/18:2 [2], 16:0/18:3 [1])*","diacylglycerol (16:1/18:2 [2], 16:0/18:3 [1])*",NA,NA,NA,1.0193
diglycerol,0.134019865,NA,Chemical,OCC(COCC(CO)O)O,GPLRAVKSCUXZTP-UHFFFAOYAD,diglycerol,diglycerol,627-82-7,NA,NA,-2.2557
dihomo.linolenoyl.choline,-0.349558574,-0.540184315,Fatty Acid Metabolism (Acyl Choline),O=C(CCCCCC/C=[C-]/C/C=C/C/C=C/CCCCC)OCC[N+](C)(C)C,NA,dihomo-linolenoyl-choline,dihomo-linolenoyl-choline,NA,HMDB0240646,NA,0.5824
dihydroferulate,0.121064848,NA,Food Component/Plant,O=C(CCC1=CC=C(O)C(OC)=C1)O,BOLQJTPHPSDZHR-UHFFFAOYAM,dihydroferulate,dihydroferulate,1135-23-5,HMDB0062121,NA,-1.2193
dihydroferulic.acid.sulfate,0.236976341,0.170619711,Food Component/Plant,COC1=C(OS(=O)(O)=O)C=CC(CCC(O)=O)=C1,UMCDODPBPQMWQP-UHFFFAOYAJ,dihydroferulic acid sulfate,dihydroferulic acid sulfate,NA,HMDB0041724,NA,3.5839
dimethyl.sulfone,NA,0.159721719,Chemical,CS(C)(=O)=O,HHVIBTZHLRERCL-UHFFFAOYAG,dimethyl sulfone,dimethyl sulfone,67-71-0,HMDB0004983,C11142,-1.319
dimethylarginine..SDMA...ADMA.,NA,-0.164596073,Urea cycle; Arginine and Proline Metabolism,N[C@@H](CCCNC(N(C)C)=N)C(O)=O,YDGMGEXADBMOMJ-LURJTMIEBT,dimethylarginine (SDMA + ADMA),dimethylarginine (ADMA + SDMA),102783-24-4,"HMDB0003334,HMDB0001539","C21189,C03626",4.3556
dimethylguanidino.valeric.acid..DMGV..,0.37819897,NA,Urea cycle; Arginine and Proline Metabolism,O=C(O)C(CCCNC(N(C)C)=N)=O,NA,dimethylguanidino valeric acid (DMGV)*,dimethylguanidino valeric acid (DMGV)*,NA,NA,NA,0.2865
docosadioate..C22.DC.,0.070508071,NA,"Fatty Acid, Dicarboxylate",O=C(O)CCCCCCCCCCCCCCCCCCCCC(O)=O,4000,docosadioate (C22-DC),docosadioate (C22-DC),505-56-6,NA,C14240,-1.1857
docosahexaenoylcholine,NA,-0.592759024,Fatty Acid Metabolism (Acyl Choline),O=C(CC/C=[C-]/C/C=C/C/C=C/C/C=C/C/C=C/C/C=C/CC)OCC[N+](C)(C)C,NA,docosahexaenoylcholine,docosahexaenoylcholine,NA,HMDB0240647,NA,-0.7763
docosapentaenoylcarnitine..C22.5n3..,-0.091468083,NA,"Fatty Acid Metabolism (Acyl Carnitine, Polyunsaturated)",O=C(OC(CC([O-])=O)C[N+](C)(C)C)CCCCC/C=C\C/C=C\C/C=C\C/C=C\C/C=C\CC,NA,docosapentaenoylcarnitine (C22:5n3)*,docosapentaenoylcarnitine (C22:5n3)*,NA,NA,NA,-0.3342
dopamine.4.sulfate,0.220033678,NA,Tyrosine Metabolism,O=S(OC1=CC=C(CCN)C=C1O)(O)=O,DEKNNWJXAQTLFA-UHFFFAOYAD,dopamine 4-sulfate,dopamine 4-sulfate,NA,HMDB0004148,C13691,2.2119
eicosapentaenoylcholine,NA,-0.540791388,Fatty Acid Metabolism (Acyl Choline),O=C(CCC/[C-]=C/C/C=C/C/C=C/C/C=C/C/C=C/CC)OCC[N+](C)(C)C,NA,eicosapentaenoylcholine,eicosapentaenoylcholine,NA,NA,NA,1.6611
eicosenedioate..C20.1.DC..,-0.120166335,NA,"Fatty Acid, Dicarboxylate",OC(CCCCCCCCC/C=C\CCCCCCCC(O)=O)=O,NA,eicosenedioate (C20:1-DC)*,eicosenedioate (C20:1-DC)*,NA,NA,NA,1.9804
eicosenoylcarnitine..C20.1..,NA,-0.203845883,"Fatty Acid Metabolism (Acyl Carnitine, Monounsaturated)",O=C(OC(CC([O-])=O)C[N+](C)(C)C)CCCCCCCCC/C=C/CCCCCCCC,NA,eicosenoylcarnitine (C20:1)*,eicosenoylcarnitine (C20:1)*,NA,NA,NA,-0.3132
enterolactone.sulfate,NA,-0.214068752,Food Component/Plant,O=C([C@@]1(CC2=CC(OS(=O)(O)=O)=CC=C2)[H])OC[C@@]1(CC3=CC(O)=CC=C3)[H],NA,enterolactone sulfate,enterolactone sulfate,NA,"HMDB0240506,HMDB0240505",NA,-0.3132
erythronate.,0.358922105,0.335329037,Aminosugar Metabolism,OC[C@@H](O)[C@@H](O)C(O)=O,JPIJQSOTBSSVTP-PWNYCUMCBA,erythronate*,erythronate*,88759-55-1,HMDB0000613,NA,-0.1581
ethyl.beta.glucopyranoside,NA,-0.270568649,Food Component/Plant,O[C@H]([C@H]1O)[C@@H]([C@@H](CO)O[C@H]1OCC)O,WYUFTYLVLQZQNH-JAJWTYFOBO,ethyl beta-glucopyranoside,ethyl beta-glucopyranoside,NA,HMDB0029968,NA,2.1825
ethyl.glucuronide,-0.095981166,NA,Chemical,O[C@H]([C@H]1O)[C@@H]([C@@H]([C@](O)=O)OC1OCC)O,IWJBVMJWSPZNJH-XWBUKDKVBJ,ethyl glucuronide,ethyl glucuronide,17685-04-0,HMDB0010325,NA,2.0274
ferulic.acid.4.sulfate,0.088141797,0.151759475,Food Component/Plant,COC1=C(OS(O)(=O)=O)C=CC(/C=C/C(O)=O)=C1,PZPATWACAAOHTJ-HWKANZROBD,ferulic acid 4-sulfate,ferulic acid 4-sulfate,86321-29-1,HMDB0029200,NA,0.6221
feruloylquinate..4.,0.062767807,NA,Food Component/Plant,O[C@@](C[C@H]1O)(C(O)=O)C[C@H]([C@H]1O)OC(/C=C/C(C=C2)=CC(OC)=C2O)=O,NA,feruloylquinate (4),feruloylquinate (4),NA,NA,NA,-0.7045
Fibrinopeptide.A.,NA,0.455545044,Fibrinogen Cleavage Peptide,O=C(NC(CC(C)C)C(NC(C)C(NC(CCC(O)=O)C(NCC(NCC(NCC(NC(C(C)C)C(NC(CCCNC(N)=N)C(O)=O)=O)=O)=O)=O)=O)=O)=O)C(CC1=CC=CC=C1)NC(C(CC(O)=O)NC(CNC(C(CCC(O)=O)NC(CNC(C(CO)NC(C(CC(O)=O)NC(C(C)N)=O)=O)=O)=O)=O)=O)=O,JWICNZAGYSIBAR-UHFFFAOYAQ,Fibrinopeptide A*,ADSGEGDFXAEGGGVR*,25422-31-5,NA,NA,-0.3174
formiminoglutamate,0.3154268,NA,Histidine Metabolism,OC([C@@H](NC=N)CCC(O)=O)=O,NRXIKWMTVXPVEF-BYPYZUCNBD,formiminoglutamate,formiminoglutamate,816-90-0,HMDB0000854,C00439,2.9627
fructose,NA,0.420377252,"Fructose, Mannose and Galactose Metabolism",OC[C@@]1(O)O[C@H](CO)[C@@H](O)[C@@H]1O,BJHIKXHVCXFQLS-UYFOZJQFBH,fructose,fructose,57-48-7,HMDB0000660,C00095,1.4023
fructosyllysine,NA,0.54799488,Lysine Metabolism,OC[C@@H](O)[C@@H](O)[C@H](O)C(CNCCCC[C@@H](N)C(O)=O)=O,BFSYFTQDGRDJNV-QCNRFFRDBO,fructosyllysine,fructosyllysine,21291-40-7,HMDB0034879,NA,1.2472
fumarate,0.136462125,NA,TCA Cycle,OC(/C=C/C(O)=O)=O,VZCYOOQTPOCHFL-OWOJBTEDBF,fumarate,fumarate,100-17-8,HMDB0000134,C00122,0.88222
gamma.CEHC,NA,-0.156132587,Tocopherol Metabolism,OC1=C(C)C(C)=C(OC(C)(CCC(O)=O)CC2)C2=C1,VMJQLPNCUPGMNQ-UHFFFAOYAS,gamma-CEHC,gamma-CEHC,178167-75-4,HMDB0001931,NA,0.6862
gamma.glutamylcitrulline.,-0.460989494,NA,Gamma-glutamyl Amino Acid,NC(C(O)=O)CCC(NC(CCCNC(N)=O)C(O)=O)=O,NA,gamma-glutamylcitrulline*,gamma-glutamylcitrulline*,NA,NA,NA,0.962
gamma.glutamylglutamine,NA,-0.236334696,Gamma-glutamyl Amino Acid,O=C(N)CC[C@@H](C(O)=O)NC(CC[C@@H](C(O)=O)N)=O,JBFYFLXEJFQWMU-WDSKDSINBP,gamma-glutamylglutamine,gamma-glutamylglutamine,10148-81-9,HMDB0011738,C05283,-0.6255
gamma.glutamylisoleucine.,NA,0.430027245,Gamma-glutamyl Amino Acid,CCC(C)[C@@H](C(O)=O)NC(CC[C@@H](C(O)=O)N)=O,SNCKGJWJABDZHI-SIPWABPFBP,gamma-glutamylisoleucine*,gamma-glutamylisoleucine*,NA,HMDB0011170,NA,-1.0501
gamma.glutamylleucine,NA,0.373365414,Gamma-glutamyl Amino Acid,CC(C)C[C@@H](C(O)=O)NC(CC[C@@H](C(O)=O)N)=O,MYFMARDICOWMQP-YUMQZZPRBM,gamma-glutamylleucine,gamma-glutamylleucine,2566-39-4,HMDB0011171,NA,1.3432
gamma.glutamylvaline,NA,0.343385339,Gamma-glutamyl Amino Acid,O=C(N[C@H]([C@@](O)=O)C(C)C)CC[C@@H]([C@](O)=O)N,SITLTJHOQZFJGG-UUEFVBAFBQ,gamma-glutamylvaline,gamma-glutamylvaline,2746-34-1,HMDB0011172,NA,-0.0127
GlcNAc.sulfate.conjugate.of.C21H34O2.steroid..,NA,0.159561229,Partially Characterized Molecules,NA,NA,GlcNAc sulfate conjugate of C21H34O2 steroid**,GlcNAc sulfate conjugate of C21H34O2 steroid**,NA,NA,NA,0.7764
gluconate,NA,0.442561752,Food Component/Plant,OC([C@H](O)[C@@H](O)[C@H](O)[C@H](O)CO)=O,RGHNJXZEOKUKBD-SQOUGZDYBY,gluconate,gluconate,527-07-1,HMDB0000625,C00257,1.0708
glucose,NA,0.742055735,"Glycolysis, Gluconeogenesis, and Pyruvate Metabolism",O[C@H]1O[C@H](CO)[C@@H](O)[C@H](O)[C@H]1O,WQZGKKKJIJFFOK-DVKNGEFBBQ,glucose,glucose,50-99-7,HMDB0000122,C00031,5.5197
glucuronide.of.C10H18O2..7..,NA,0.170332458,Partially Characterized Molecules,NA,NA,glucuronide of C10H18O2 (7)*,glucuronide of C10H18O2 (7)*,NA,NA,NA,1.0193
glutamate,NA,0.442977526,Glutamate Metabolism,O=C(O)[C@@H](N)CCC(O)=O,WHUUTDBJXJRKMK-UHFFFAOYAD,glutamate,glutamate,56-86-0,HMDB0000148,"C00025,C00217",-0.3073
glutamine,NA,-0.226189066,Glutamate Metabolism,OC([C@@H](N)CCC(N)=O)=O,ZDXPYRJPNDTMRX-VKHMYHEABV,glutamine,glutamine,56-85-9,HMDB0000641,C00064,0.0368
glutamine.conjugate.of.C6H10O2..1..,0.173507096,NA,Partially Characterized Molecules,NA,NA,glutamine conjugate of C6H10O2 (1)*,glutamine conjugate of C6H10O2 (1)*,NA,NA,NA,0.8768
glutamine.conjugate.of.C6H10O2..2..,0.17226362,NA,Partially Characterized Molecules,NA,NA,glutamine conjugate of C6H10O2 (2)*,glutamine conjugate of C6H10O2 (2)*,NA,NA,NA,0.6862
glutamine_degradant.,NA,-0.235058736,Partially Characterized Molecules,O=C(CCC1N)NC1=O,NPWMTBZSRRLQNJ-UHFFFAOYAH,glutamine_degradant*,glutamine_degradant*,2353-44-8,NA,NA,3.578
glutarate..C5.DC.,NA,0.185896065,"Fatty Acid, Dicarboxylate",OC(CCCC(O)=O)=O,JFCQEDHGNNZCLN-NUQVWONBAE,glutarate (C5-DC),glutarate (C5-DC),110-94-1,HMDB0000661,C00489,4.2141
glutarylcarnitine..C5.DC.,NA,-0.185036866,Lysine Metabolism,[O-]C(CC(C[N+](C)(C)C)OC(CCCC(O)=O)=O)=O,NXJAXUYOQLTISD-UHFFFAOYAA,glutarylcarnitine (C5-DC),glutarylcarnitine (C5-DC),102636-82-8,HMDB0013130,NA,3.7679
glycerate,NA,-0.255352509,"Glycolysis, Gluconeogenesis, and Pyruvate Metabolism",O=C(O)C(O)CO,RBNPOMFGQQGHHO-UHFFFAOYAE,glycerate,glycerate,600-19-1,"HMDB0000139,HMDB0006372",C00258,2.4413
glycerol.3.phosphate,NA,-0.209491636,Glycerolipid Metabolism,O=P(O)(OCC(CO)O)O,AWUCVROLDVIAJX-UHFFFAOYAM,glycerol 3-phosphate,glycerol 3-phosphate,29849-82-9,HMDB0000126,C0093,5.1875
glycine,-0.18349019,NA,"Glycine, Serine and Threonine Metabolism",NCC(O)=O,DHMQDGOQFOQNFH-UHFFFAOYAW,glycine,glycine,56-40-6,HMDB0000123,C00037,0.57162
glycine.conjugate.of.C10H14O2..1..,0.094889692,NA,Partially Characterized Molecules,NA,NA,glycine conjugate of C10H14O2 (1)*,glycine conjugate of C10H14O2 (1)*,NA,NA,NA,0.6221
glycochenodeoxycholate.3.sulfate,-0.104508112,NA,Primary Bile Acid Metabolism,OS(OC1C[C@]2([H])C(CC1)(C)[C@@H]3[C@@]([C@@](CC4)([H])[C@@](CC3)(C)[C@H]4[C@H](C)CCC(NCC(O)=O)=O)([H])[C@H](O)C2)(=O)=O,NA,glycochenodeoxycholate 3-sulfate,glycochenodeoxycholate 3-sulfate,NA,"HMDB0002409,HMDB0002496,HMDB0002497",NA,1.3495
glycochenodeoxycholate.glucuronide..1.,NA,0.282569428,Primary Bile Acid Metabolism,O[C@H]1[C@@]2([C@@]([H])([C@]3(CC[C@H](C[C@]3(C1)[H])O[C@H]4[C@@H]([C@H]([C@@H]([C@H](O4)C(O)=O)O)O)O)C)CC[C@]5([C@]2(CC[C@@H]5[C@@H](CCC(NCC(O)=O)=O)C)[H])C)[H],NA,glycochenodeoxycholate glucuronide (1),glycochenodeoxycholate glucuronide (1),NA,HMDB0002579,NA,-0.8565
glycocholate,NA,0.185223383,Primary Bile Acid Metabolism,O=C(CNC(CC[C@H]([C@@H]1[C@@]2(C)[C@@H](O)C[C@]3([H])[C@@]4(C)CC[C@@H](O)C[C@@]4([H])C[C@@H](O)[C@@]3([H])[C@]2([H])CC1)C)=O)O,RFDAIACWWDREDC-FRVQLJSFBG,glycocholate,glycocholate,"475-31-0,863-57-0",HMDB0000138,C01921,-0.6093
glycocholenate.sulfate.,NA,0.153892865,Secondary Bile Acid Metabolism,O=S(OC1CCC2(C)C(CCC3C2CCC4(C)C3CCC4C(CCC(NCC(O)=O)=O)C)=C1)(O)=O,NA,glycocholenate sulfate*,glycocholenate sulfate*,NA,NA,NA,-0.2603
glycolithocholate,0.16008248,NA,Secondary Bile Acid Metabolism,O[C@@H](C[C@]1(CC[C@]([C@@]([H])2CC3)([H])[C@](CC[C@@]2(C)[C@]3([H])[C@@H](CCC(NCC(O)=O)=O)C)4[H])[H])CC[C@@]14C,XBSQTYHEGZTYJE-OETIFKLTBJ,glycolithocholate,glycolithocholate,474-74-8,HMDB00698,C15557,3.6569
glycosyl.ceramide..d18.1.23.1..d17.1.24.1..,-0.210344514,-0.291606547,Hexosylceramides (HCER),CCCCCCCCCCCCC/C=C/C(O)C(NC(CCCCCCCCC/C=C/CCCCCCCCCCC)=O)COC1OC(CO)C(O)C(O)C1O,NA,"glycosyl ceramide (d18:1/23:1, d17:1/24:1)*","glycosyl ceramide (d18:1/23:1, d17:1/24:1)*",NA,NA,NA,-0.2255
glycosyl.ceramide..d18.2.24.1..d18.1.24.2..,-0.427746446,-0.409849825,Hexosylceramides (HCER),OC(/C=C/CCCCCCCC/C=C\CCC)C(COC1C(O)C(O)C(O)C(CO)O1)NC(CCCCCCCCCCCCC/C=C\CCCCCCCC)=O,NA,"glycosyl ceramide (d18:2/24:1, d18:1/24:2)*","glycosyl ceramide (d18:2/24:1, d18:1/24:2)*",NA,NA,NA,-1.98
glycosyl.N.behenoyl.sphingadienine..d18.2.22.0..,NA,-0.4144392,Hexosylceramides (HCER),[H][C@](NC(CCCCCCCCCCCCCCCCCCCCC)=O)(CO[C@H]1[C@H](O)[C@@H](O)[C@@H](O)[C@@H](CO)O1)[C@@](O)([H])/C=C/CCCCCCCC/C=C\CCC,NA,glycosyl-N-behenoyl-sphingadienine (d18:2/22:0)*,glycosyl-N-behenoyl-sphingadienine (d18:2/22:0)*,NA,NA,NA,-0.5818
glycosyl.N.stearoyl.sphingosine..d18.1.18.0.,NA,-0.252955979,Hexosylceramides (HCER),OC1C(CO)OC(OC[C@H](NC(CCCCCCCCCCCCCCCCC)=O)[C@H](O)/C=C/CCCCCCCCCCCCC)C(O)C1O,NA,glycosyl-N-stearoyl-sphingosine (d18:1/18:0),glycosyl-N-stearoyl-sphingosine (d18:1/18:0),NA,NA,NA,-0.667
glycosyl.N.tricosanoyl.sphingadienine..d18.2.23.0..,-0.3199577,NA,Hexosylceramides (HCER),[H][C@](NC(CCCCCCCCCCCCCCCCCCCCCC)=O)(CO[C@H]1[C@H](O)[C@@H](O)[C@@H](O)[C@@H](CO)O1)[C@@](O)([H])/C=C/CCCCCCCC/C=C\CCC,NA,glycosyl-N-tricosanoyl-sphingadienine (d18:2/23:0)*,glycosyl-N-tricosanoyl-sphingadienine (d18:2/23:0)*,NA,NA,NA,2.74196
guaiacol.sulfate,0.092902505,NA,Benzoate Metabolism,COC1=C(OS(O)(=O)=O)C=CC=C1,AQTYXAPIHMXAAV-UHFFFAOYAZ,guaiacol sulfate,guaiacol sulfate,NA,HMDB0060013,NA,0.478
gulonate.,0.122089047,NA,Ascorbate and Aldarate Metabolism,OC([C@H](O)[C@H](O)[C@H](O)[C@@H](O)CO)=O,RGHNJXZEOKUKBD-NRXMZTRTBF,gulonate*,gulonate*,20246-53-1,HMDB0003290,C00800,0.0879
heptenedioate..C7.1.DC..,0.066979367,NA,"Fatty Acid, Dicarboxylate",OC(CCC/C=C/C(O)=O)=O,NA,heptenedioate (C7:1-DC)*,heptenedioate (C7:1-DC)*,NA,NA,NA,0.0501
hexanoylglycine,NA,-0.215215454,Fatty Acid Metabolism (Acyl Glycine),O=C(O)CNC(CCCCC)=O,UPCKIPHSXMXJOX-UHFFFAOYAU,hexanoylglycine,hexanoylglycine (C6),24003-67-6,HMDB0000701,NA,-0.4951
histidine.betaine..hercynine..,-0.174230559,NA,Food Component/Plant,C[N+](C)(C(C([O-])=O)CC1=CN=CN1)C,GPPYTCRVKHULJH-UHFFFAOYAG,histidine betaine (hercynine)*,histidine betaine (hercynine)*,534-30-5,HMDB0029422,NA,1.8756
homocitrulline,0.28054384,NA,Urea cycle; Arginine and Proline Metabolism,N[C@H](C(O)=O)CCCCNC(N)=O,XIGSAGMEBXLVJJ-YFKPBYRVBI,homocitrulline,homocitrulline,1190-49-4,HMDB0000679,C02427,-2.5823
homostachydrine.,NA,-0.19091206,Food Component/Plant,C[N+]1(C)[C@@H](CCCC1)[C@]([O-])=O,XULZWQRXYTVUTE-ZETCQYMHBF,homostachydrine*,homostachydrine*,1195-94-4,HMDB0033433,C08283,-2.854
HWESASXX.,0.083222183,NA,Polypeptide,O=C(NC(CC(C)C)C(O)=O)C(CC(C)C)NC([C@H](CO)NC([C@H](C)NC([C@H](CO)NC([C@@H](CCC(O)=O)NC([C@@H](CC1=CNC2=C1C=CC=C2)NC([C@@H](CC3=CNC=N3)N)=O)=O)=O)=O)=O)=O,KUZSCKDYVGVVKC-PLNQFBRDBE,HWESASXX*,HWESASXX*,NA,NA,NA,6.18469
hydroxyasparagine..,NA,0.196154164,Alanine and Aspartate Metabolism,O=C(O)[C@@H](N)CC(NO)=O,ZBYVTTSIVDYQSO-REOHCLBHBO,hydroxyasparagine**,hydroxyasparagine**,NA,HMDB32332,C20631,-1.30483
hyocholate,-0.219647809,NA,Secondary Bile Acid Metabolism,C[C@]12CC[C@@H](O)C[C@@]1([H])[C@@H](O)[C@@H](O)C3C2CC[C@@]4(C)C3CCC4C(CCC(O)=O)C,DKPMWHFRUGMUKF-OAEKOJLIBK,hyocholate,hyocholate,547-75-1,HMDB0000760,C17649,-1.33843
imidazole.lactate,NA,-0.258045435,Histidine Metabolism,OC(C(O)=O)CC1=CN=CN1,ACZFBYCNAVEFLC-YFKPBYRVBI,imidazole lactate,imidazole lactate,14403-45-3,HMDB0002320,C05568,-2.146
imidazole.propionate,NA,0.284294541,Histidine Metabolism,OC(CCC1=CN=CN1)=O,ZCKYOWGFRHAZIQ-UHFFFAOYAI,imidazole propionate,imidazole propionate,1074-59-5,HMDB0002271,NA,-1.7263
indolebutyrate,-0.166612549,NA,Tryptophan Metabolism,OC(CCCC1=CNC2=C1C=CC=C2)=O,JTEDVYBZBROSJT-UHFFFAOYAT,indolebutyrate,indolebutyrate,133-32-4,HMDB0002096,C11284,-1.127
indolepropionylglycine,-0.315869526,NA,Tryptophan Metabolism,O=C(NCC(O)=O)CCC1=CNC2=C1C=CC=C2,NA,indolepropionylglycine,indolepropionylglycine,NA,NA,NA,1.3848
indolin.2.one,0.159166283,NA,Food Component/Plant,O=C1CC2=C(N1)C=CC=C2,JYGFTBXVXVMTGB-UHFFFAOYAF,indolin-2-one,indolin-2-one,59-48-3,NA,C12312,-1.8989
isoleucine,NA,0.494592513,"Leucine, Isoleucine and Valine Metabolism",NC(C(O)=O)C(C)CC,AGPKZVBTJJNPAG-UHFFFAOYAW,isoleucine,isoleucine,73-32-5,HMDB0000172,"C06418,C00407,C16424",0.232
isoleucylglycine,NA,-0.32358376,Dipeptide,O=C(C(C(CC)C)N)NCC(O)=O,UCGDDTHMMVWVMV-UHFFFAOYAU,isoleucylglycine,isoleucylglycine,868-28-0,HMDB0028907,NA,4.53124
isovalerylglycine,-0.095056171,NA,"Leucine, Isoleucine and Valine Metabolism",O=C(O)CNC(CC(C)C)=O,ZRQXMKMBBMNNQC-UHFFFAOYAA,isovalerylglycine,isovalerylglycine,16284-60-9,HMDB00678,NA,
lactose,0.419053641,0.519449242,Disaccharides and Oligosaccharides,O[C@H]1[C@H](O[C@H]2[C@H](O)[C@@H](O)[C@H](O)O[C@@H]2CO)O[C@H](CO)[C@H](O)[C@@H]1O,GUBGYTABKSRVRQ-DCSYEGIMBP,lactose,lactose,5965-66-2,HMDB0041627,C01970,
lactosyl.N.nervonoyl.sphingosine..d18.1.24.1..,-0.410410361,NA,Lactosylceramides (LCER),[H][C@](NC(CCCCCCCCCCCCC/C=C\CCCCCCCC)=O)(CO[C@H]1[C@H](O)[C@@H](O)[C@H](O[C@H]2[C@H](O)[C@@H](O)[C@@H](O)[C@H](O2)CO)[C@H](O1)CO)[C@@](O)([H])/C=C/CCCCCCCCCCCCC,MKOKWBRPIBQYJJ-VMHDMWLQBO,lactosyl-N-nervonoyl-sphingosine (d18:1/24:1)*,lactosyl-N-nervonoyl-sphingosine (d18:1/24:1)*,NA,HMDB0004872,NA,
lactosyl.N.palmitoyl.sphingosine..d18.1.16.0.,-0.415862546,NA,Lactosylceramides (LCER),O=C(CCCCCCCCCCCCCCC)N[C@@]([C@]([H])(O)/C=C/CCCCCCCCCCCCC)([H])CO[C@H](O1)[C@H](O)[C@@H](O)[C@@H]([C@H]1CO)O[C@H](O2)[C@H](O)[C@@H](O)[C@H]([C@H]2CO)O,NA,lactosyl-N-palmitoyl-sphingosine (d18:1/16:0),lactosyl-N-palmitoyl-sphingosine (d18:1/16:0),4201-62-1,HMDB0006750,NA,
lanthionine,0.097730486,NA,"Methionine, Cysteine, SAM and Taurine Metabolism",O=C([C@H](CSC[C@@H](C(O)=O)N)N)O,DWPCPZJAHOETAG-IMJSIDKUBX,lanthionine,lanthionine,02/08/3183,NA,NA,
leucine,NA,0.493842111,"Leucine, Isoleucine and Valine Metabolism",O=C([C@H](CC(C)C)N)O,NA,leucine,leucine,61-90-5,HMDB0000687,C00123,2.8436
leukotriene.B4,NA,0.187666712,Eicosanoid,CCCCC/C=C/CC(/C=C/C=C/C=C/C(CCCC(O)=O)O)O,VNYSSYRCGWBHLG-XUOUMLBJBU,leukotriene B4,leukotriene B4,71160-24-2,HMDB0001085,C02165,0.8711
leukotriene.B5,NA,0.179633792,Eicosanoid,O[C@H](/C=C\C=C\C=C\[C@@H](C/C=C\C/C=C\CC)O)CCCC(O)=O,BISQPGCQOHLHQK-HDNPQISLBC,leukotriene B5,leukotriene B5,88763-92-9,HMDB0005073,NA,-0.4555
levulinoylcarnitine,0.249307832,NA,Food Component/Plant,CC(CCC(OC(CC([O-])=O)C[N+](C)(C)C)=O)=O,NA,levulinoylcarnitine,levulinoylcarnitine,NA,NA,NA,0.6716
linolenoylcarnitine..C18.3..,NA,-0.169998534,"Fatty Acid Metabolism (Acyl Carnitine, Polyunsaturated)",O=C(OC(C[N+](C)(C)C)CC([O-])=O)CCCCCCC/C=C\C/C=C\C/C=C\CC,NA,linolenoylcarnitine (C18:3)*,linolenoylcarnitine (C18:3)*,NA,NA,NA,1.6513
linoleoyl.arachidonoyl.glycerol..18.2.20.4...1..,NA,0.356533843,Diacylglycerol,OC[C@](OC(CCC/C=C\C/C=C\C/C=C\C/C=C\CCCCC)=O)(COC(CCCCCCC/C=C\C/C=C\CCCCC)=O)[H],NA,linoleoyl-arachidonoyl-glycerol (18:2/20:4) [1]*,linoleoyl-arachidonoyl-glycerol (18:2/20:4) [1]*,NA,HMDB0007257,NA,-0.0845
linoleoyl.arachidonoyl.glycerol..18.2.20.4...2..,0.291157747,0.312161475,Diacylglycerol,OC[C@](COC(CCCCCCC/C=C\C/C=C\CCCCC)=O)([H])OC(CCC/C=C\C/C=C\C/C=C\C/C=C\CCCCC)=O,NA,linoleoyl-arachidonoyl-glycerol (18:2/20:4) [2]*,linoleoyl-arachidonoyl-glycerol (18:2/20:4) [2]*,NA,HMDB0007257,NA,4.4779
linoleoyl.ethanolamide,-0.091338821,NA,Endocannabinoid,CCCCC/C=C\C/C=C\CCCCCCCC(NCCO)=O,KQXDGUVSAAQARU-HZJYTTRNBB,linoleoyl ethanolamide,linoleoyl ethanolamide,68171-52-8,HMDB0012252,NA,4.305
linoleoyl.linoleoyl.glycerol..18.2.18.2...1..,0.236218084,0.232872231,Diacylglycerol,CCCCC/C=C/C/C=C/CCCCCCCC(OCC(OC(CCCCCCC/C=C/C/C=C/CCCCC)=O)CO)=O,NA,linoleoyl-linoleoyl-glycerol (18:2/18:2) [1]*,linoleoyl-linoleoyl-glycerol (18:2/18:2) [1]*,NA,HMDB0007248,NA,-3.8346
linoleoyl.linoleoyl.glycerol..18.2.18.2...2..,0.097504181,0.175890085,Diacylglycerol,CCCCC/C=C/C/C=C/CCCCCCCC(OCC(OC(CCCCCCC/C=C/C/C=C/CCCCC)=O)CO)=O,NA,linoleoyl-linoleoyl-glycerol (18:2/18:2) [2]*,linoleoyl-linoleoyl-glycerol (18:2/18:2) [2]*,NA,HMDB0007248,NA,3.4487
linoleoylcholine.,NA,-0.664065642,Fatty Acid Metabolism (Acyl Choline),C[N+](C)(C)C[CH-]OC(CCCCCCC/C=C/C/C=C/CCCCC)=O,NA,linoleoylcholine*,linoleoylcholine*,NA,HMDB0013213,NA,7.2158
malate,0.264063688,NA,TCA Cycle,OC(C(O)=O)CC(O)=O,BJEPYKJPYRNKOW-UHFFFAOYAM,malate,malate,6915-15-7,"HMDB0031518,HMDB0000156,HMDB0000744","C00149,C00711,C00497",1.3652
maleate,0.3164341,NA,"Fatty Acid, Dicarboxylate",O=C(C=CC(O)=O)O,VZCYOOQTPOCHFL-UPHRSURJBG,maleate,maleate,110-16-7,HMDB0000176,C01384,-0.9471
maltose,NA,0.314249296,Glycogen Metabolism,O[C@@H]1[C@H]([C@H](O[C@@H]([C@H]1O)CO)O[C@H]2[C@@H]([C@H]([C@H](O[C@@H]2CO)O)O)O)O,GUBGYTABKSRVRQ-ASMJPISFBF,maltose,maltose,6363-53-7,HMDB0000163,C00208,-0.8301
mannonate.,NA,0.570549189,Food Component/Plant,O=C([C@H]([C@H]([C@@H]([C@@H](CO)O)O)O)O)O,RGHNJXZEOKUKBD-MBMOQRBOBN,mannonate*,mannonate*,642-99-9,NA,NA,0.9006
mannose,NA,0.632315282,"Fructose, Mannose and Galactose Metabolism",O[C@@H]1C(CO)O[C@@H](O)[C@@H](O)[C@H]1O,GZCGUPFRVQAUEE-KVTDHHQDBB,mannose,mannose,3458-28-4,HMDB0000169,"C00159,C02209,C00936",0.1019
methionine.sulfone,0.176489162,NA,"Methionine, Cysteine, SAM and Taurine Metabolism",O=S(C)(CCC(N)C(O)=O)=O,UCUNFLYVYCGDHP-UHFFFAOYAG,methionine sulfone,methionine sulfone,820-10-0,HMDB0062174,NA,-1.1532
methionine.sulfoxide,NA,0.16616777,"Methionine, Cysteine, SAM and Taurine Metabolism",O=C(O)[C@@H](N)CCS(C)=O,QEFRNWWLZKMPFJ-YGVKFDHGBW,methionine sulfoxide,methionine sulfoxide,3226-65-1,HMDB0002005,C02989,1.9898
methyl.glucopyranoside..alpha...beta.,NA,-0.397443072,Food Component/Plant,O[C@H]1[C@@H]([C@H]([C@H](O[C@@H]1CO)OC)O)O,NA,methyl glucopyranoside (alpha + beta),methyl glucopyranoside (alpha + beta),NA,HMDB0029965,NA,-0.4302
myristoleoylcarnitine..C14.1..,NA,-0.150305124,"Fatty Acid Metabolism (Acyl Carnitine, Monounsaturated)",O=C(CCCCCCC/C=C\CCCC)O[C@H](CC([O-])=O)C[N+](C)(C)C,NA,myristoleoylcarnitine (C14:1)*,myristoleoylcarnitine (C14:1)*,889848-55-9,HMDB0240588,NA,-1.0657
N.acetyl.aspartyl.glutamate..NAAG.,NA,-0.179849304,Glutamate Metabolism,CC(NC(C(NC(CCC(O)=O)C(O)=O)=O)CC(O)=O)=O,OPVPGKGADVGKTG-UHFFFAOYAF,N-acetyl-aspartyl-glutamate (NAAG),N-acetyl-aspartyl-glutamate (NAAG),3106-85-2,HMDB0001067,C12270,-1.38
N.acetylalanine,0.166872497,NA,Alanine and Aspartate Metabolism,O=C(O)[C@@H](NC(C)=O)C,KTHDTJVBEPMMGL-VKHMYHEABO,N-acetylalanine,N-acetylalanine,97-69-8,HMDB0000766,C02847,-2.3426
N.acetylcitrulline,0.115810351,NA,Urea cycle; Arginine and Proline Metabolism,OC([C@@H](NC(C)=O)CCCNC(N)=O)=O,WMQMIOYQXNRROC-LURJTMIEBM,N-acetylcitrulline,N-acetylcitrulline,33965-42-3,HMDB0000856,"C15532,C02851",-0.6479
N.acetylglutamate,0.209292995,NA,Glutamate Metabolism,O=C(O)CC[C@@H](C(O)=O)NC(C)=O,RFMMMVDNIPUKGG-QUCRTXIXBK,N-acetylglutamate,N-acetylglutamate,03/08/5817,HMDB0001138,C00624,4.4779
N.acetylhistamine,0.100699085,0.219892526,Histidine Metabolism,O=C(C)NCCC1=CNC=N1,XJWPISBUKWZALE-UHFFFAOYAX,N-acetylhistamine,N-acetylhistamine,673-49-4,HMDB0013253,C05135,4.305
N.acetylhistidine,0.065599792,NA,Histidine Metabolism,OC([C@@H](NC(C)=O)CC1=CNC=N1)=O,KBOJOGQFRVVWBH-ZETCQYMHBN,N-acetylhistidine,N-acetylhistidine,39145-52-3,HMDB0032055,C02997,-1.1356
N.acetylisoleucine,0.292587254,NA,"Leucine, Isoleucine and Valine Metabolism",CC(N[C@H](C(O)=O)C(C)CC)=O,JDTWZSUNGHMMJM-MSZQBOFLBT,N-acetylisoleucine,N-acetylisoleucine,3077-46-1,HMDB0061684,NA,10.5045
N.acetylleucine,NA,0.434755077,"Leucine, Isoleucine and Valine Metabolism",O=C(O)[C@H](CC(C)C)NC(C)=O,WXNXCEHXYPACJF-ZETCQYMHBF,N-acetylleucine,N-acetylleucine,1188-21-2,HMDB0011756,C02710,-2.2906
N.acetylserine,0.120571105,NA,"Glycine, Serine and Threonine Metabolism",OC[C@@H](C(O)=O)NC(C)=O,JJIHLJJYMXLCOY-BYPYZUCNBM,N-acetylserine,N-acetylserine,97-14-3,HMDB0002931,NA,6.40869
N.acetyltaurine,0.151771277,NA,"Methionine, Cysteine, SAM and Taurine Metabolism",O=S(CCNC(C)=O)(O)=O,CXJAAWRLVGAKDV-UHFFFAOYAS,N-acetyltaurine,N-acetyltaurine,NA,HMDB0240253,NA,1.418
N.acetylthreonine,0.123016961,NA,"Glycine, Serine and Threonine Metabolism",CC(O)C(C(O)=O)NC(C)=O,PEDXUVCGOLSNLQ-UHFFFAOYAC,N-acetylthreonine,N-acetylthreonine,17093-74-2,HMDB0062557,NA,0.894
N.carbamoylalanine,0.071725874,NA,Alanine and Aspartate Metabolism,O=C(C(C)NC(N)=O)O,LUSWEUMSEVLFEQ-UHFFFAOYAR,N-carbamoylalanine,N-carbamoylalanine,77340-50-2,NA,NA,-0.3392
N.formylmethionine,0.207075774,NA,"Methionine, Cysteine, SAM and Taurine Metabolism",CSCCC(C(O)=O)NC=O,PYUSHNKNPOHWEZ-YFKPBYRVBS,N-formylmethionine,N-formylmethionine,4289-98-9,HMDB0001015,C03145,-0.73553
N.formylphenylalanine,-0.087746718,NA,Tyrosine Metabolism,OC([C@@H](NC=O)CC1=CC=CC=C1)=O,NSTPXGARCQOSAU-VIFPVBQEBQ,N-formylphenylalanine,N-formylphenylalanine,13200-85-6,HMDB0240317,NA,-0.49373
N.N.dimethylalanine,NA,-0.346939368,Alanine and Aspartate Metabolism,C[C@@](C(O)=O)(N(C)C)[H],QCYOIFVBYZNUNW-BYPYZUCNBG,"N,N-dimethylalanine","N,N-dimethylalanine",2812-31-9,NA,NA,6.9576
N.N.N.trimethyl.5.aminovalerate,0.329057475,NA,Lysine Metabolism,C[N+](C)(C)CCCCC([O-])=O,CDLVFVFTRQPQFU-UHFFFAOYAF,"N,N,N-trimethyl-5-aminovalerate","N,N,N-trimethyl-5-aminovalerate",NA,NA,NA,6.51689
N.oleoylserine,NA,-0.279058588,Endocannabinoid,CCCCCCCC/C=C\CCCCCCCC(NC(C(O)=O)CO)=O,MBDKGXAMSZIDKF-KTKRTIGZBQ,N-oleoylserine,N-oleoylserine,NA,NA,NA,5.4463
N.palmitoyl.heptadecasphingosine..d17.1.16.0..,0.065031013,NA,Ceramides,OC(/C=C/CCCCCCCCCCCC)C(CO)NC(CCCCCCCCCCCCCCC)=O,NA,N-palmitoyl-heptadecasphingosine (d17:1/16:0)*,N-palmitoyl-heptadecasphingosine (d17:1/16:0)*,NA,HMDB0240685,NA,0.075
N.palmitoyl.sphingadienine..d18.2.16.0..,-0.081488129,NA,Ceramides,[H][C@](NC(CCCCCCCCCCCCCCC)=O)(CO)[C@@](O)([H])/C=C/CCCCCCCC/C=C\CCC,NA,N-palmitoyl-sphingadienine (d18:2/16:0)*,N-palmitoyl-sphingadienine (d18:2/16:0)*,NA,HMDB0240686,NA,5.96069
N.palmitoylserine,NA,-0.243132102,Endocannabinoid,O=C(CCCCCCCCCCCCCCC)N([H])[C@H](C(O)=O)CO,BFVRFWIQTACAPT-KRWDZBQOBQ,N-palmitoylserine,N-palmitoylserine,"58725-46-5,474943-14-1",NA,NA,5.9534
N.stearoyl.sphingadienine..d18.2.18.0..,0.096605605,NA,Ceramides,CCCCCCCCCCCCCCCCCC(NC(C(O)/C=C/CCCCCCCC/C=C/CCC)CO)=O,NA,N-stearoyl-sphingadienine (d18:2/18:0)*,N-stearoyl-sphingadienine (d18:2/18:0)*,NA,HMDB0240362,NA,5.5621
N.stearoylserine.,-0.333344081,-0.390231065,Endocannabinoid,CCCCCCCCCCCCCCCCCC(NC(C(O)=O)CO)=O,CLHUCXCVFSEJRR-UHFFFAOYAZ,N-stearoylserine*,N-stearoylserine*,NA,NA,NA,2.1482
N2.N2.dimethylguanosine,NA,0.239640982,"Purine Metabolism, Guanine containing",O=C1C(N=CN2[C@@]3([H])[C@@](O)([H])[C@@](O)([H])[C@](CO)([H])O3)=C2N=C(N(C)C)N1,RSPURTUNRHNVGF-IOSLPCCCBE,"N2,N2-dimethylguanosine","N2,N2-dimethylguanosine",2140-67-2,HMDB0004824,NA,-2.2149
N4.acetylcytidine,0.252537982,0.195956831,"Pyrimidine Metabolism, Cytidine containing",O[C@]1([H])[C@@](O)([H])[C@](CO)([H])O[C@]1(N2C(N=C(NC(C)=O)C=C2)=O)[H],NIDVTARKFBZMOT-PEBGCTIMBU,N4-acetylcytidine,N4-acetylcytidine,3768-18-1,HMDB0005923,NA,-2.1772
N6.acetyllysine,0.154449474,NA,Lysine Metabolism,N[C@@H](CCCCNC(C)=O)C(O)=O,DTERQYGMUDWYAZ-ZETCQYMHBE,N6-acetyllysine,N6-acetyllysine,692-04-6,HMDB0000206,C02727,-2.0849
N6.carboxymethyllysine,0.147137174,NA,Advanced Glycation End-product,OC(CNCCCCC(C(O)=O)N)=O,NUXSIDPKKIEIMI-UHFFFAOYAH,N6-carboxymethyllysine,N6-carboxymethyllysine,03/04/5746,HMDB0240347,NA,0.9746
N6.N6.N6.trimethyllysine,-0.616790843,NA,Lysine Metabolism,C[N+](C)(CCCCC(C([O-])=O)N)C,MXNRLFUSFKVQSK-UHFFFAOYAO,"N6,N6,N6-trimethyllysine","N6,N6,N6-trimethyllysine",23284-33-5,HMDB0001325,C03793,-0.3429
nicotinamide,0.083594738,NA,Nicotinate and Nicotinamide Metabolism,NC(C1=CN=CC=C1)=O,DFPAKSUCGFBDDF-UHFFFAOYAZ,nicotinamide,nicotinamide,98-92-0,HMDB0001406,C00153,-10.25353
nicotinamide.riboside,0.16515057,NA,Nicotinate and Nicotinamide Metabolism,NC(C1=C[N+](C2C(C(C(C[O-])O2)O)O)=CC=C1)=O,NA,nicotinamide riboside,nicotinamide riboside,1341-23-7,HMDB0000855,C03150,-0.49893
nisinate..24.6n3.,0.151135668,NA,Long Chain Polyunsaturated Fatty Acid (n3 and n6),OC(CCCC/C=C\C/C=C\C/C=C\C/C=C\C/C=C\C/C=C\CC)=O,YHGJECVSSKXFCJ-KUBAVDMBBQ,nisinate (24:6n3),nisinate (24:6n3),68378-49-4,HMDB0013025,NA,-3.2198
octadecanedioylcarnitine..C18.DC..,0.062975454,NA,"Fatty Acid Metabolism (Acyl Carnitine, Dicarboxylate)",O=C(CCCCCCCCCCCCCCCCC(O)=O)OC(CC([O-])=O)C[N+](C)(C)C,ULCCGBCYWCYNIC-UHFFFAOYAW,octadecanedioylcarnitine (C18-DC)*,octadecanedioylcarnitine (C18-DC)*,123233-50-1,NA,NA,-3.1977
oleoyl.arachidonoyl.glycerol..18.1.20.4...1..,0.334229868,NA,Diacylglycerol,CCCCCCCC/C=C/CCCCCCCC(OCC(OC(CCC/C=C/C/C=C/C/C=C/C/C=C/CCCCC)=O)CO)=O,NA,oleoyl-arachidonoyl-glycerol (18:1/20:4) [1]*,oleoyl-arachidonoyl-glycerol (18:1/20:4) [1]*,NA,HMDB0007228,NA,-0.2882
oleoyl.arachidonoyl.glycerol..18.1.20.4...2..,0.353552499,0.391580625,Diacylglycerol,CCCCCCCC/C=C/CCCCCCCC(OCC(OC(CCC/C=C/C/C=C/C/C=C/C/C=C/CCCCC)=O)CO)=O,NA,oleoyl-arachidonoyl-glycerol (18:1/20:4) [2]*,oleoyl-arachidonoyl-glycerol (18:1/20:4) [2]*,NA,HMDB0007228,NA,2.95754
oleoyl.linoleoyl.glycerol..18.1.18.2...1.,0.263127044,NA,Diacylglycerol,CCCCCCCC/C=C\CCCCCCCC(OCC(CO)OC(CCCCCCC/C=C\C/C=C\CCCCC)=O)=O,BLZVZPYMHLXLHG-RQOIEFAZBI,oleoyl-linoleoyl-glycerol (18:1/18:2) [1],oleoyl-linoleoyl-glycerol (18:1/18:2) [1],106292-55-1,HMDB0007219,NA,-1.8036
oleoyl.linoleoyl.glycerol..18.1.18.2...2.,0.276618609,NA,Diacylglycerol,CCCCCCCC/C=C\CCCCCCCC(OCC(COC(CCCCCCC/C=C\C/C=C\CCCCC)=O)O)=O,NA,oleoyl-linoleoyl-glycerol (18:1/18:2) [2],oleoyl-linoleoyl-glycerol (18:1/18:2) [2],104346-53-4,HMDB0007219,NA,-1.9866
oleoyl.oleoyl.glycerol..18.1.18.1....1..,0.264498038,NA,Diacylglycerol,OCC(OC(CCCCCCC/C=C\CCCCCCCC)=O)COC(CCCCCCC/C=C\CCCCCCCC)=O,NA,oleoyl-oleoyl-glycerol (18:1/18:1)  [1]*,oleoyl-oleoyl-glycerol (18:1/18:1)  [1]*,NA,HMDB0007218,NA,-0.206
oleoyl.oleoyl.glycerol..18.1.18.1...2..,0.236140653,NA,Diacylglycerol,OCC(OC(CCCCCCC/C=C\CCCCCCCC)=O)COC(CCCCCCC/C=C\CCCCCCCC)=O,NA,oleoyl-oleoyl-glycerol (18:1/18:1) [2]*,oleoyl-oleoyl-glycerol (18:1/18:1) [2]*,NA,HMDB0007218,NA,-0.206
oleoylcarnitine..C18.1.,-0.061273448,NA,"Fatty Acid Metabolism (Acyl Carnitine, Monounsaturated)",[O-]C(C[C@@H](OC(CCCCCCC/C=C\CCCCCCCC)=O)C[N+](C)(C)C)=O,IPOLTUVFXFHAHI-WHIOSMTNBE,oleoylcarnitine (C18:1),oleoylcarnitine (C18:1),38677-66-6,HMDB0005065,NA,-0.5961
oleoylcholine,NA,-0.631401546,Fatty Acid Metabolism (Acyl Choline),O=C(CCCCCCC/[C-]=C/CCCCCCCC)OCC[N+](C)(C)C,NA,oleoylcholine,oleoylcholine,NA,HMDB0240596,NA,
ornithine,-0.146454303,NA,Urea cycle; Arginine and Proline Metabolism,O=C(O)[C@@H](N)CCCN,AHLPHDHHMVZTML-BYPYZUCNBZ,ornithine,ornithine,3184-13-2,HMDB0000214,C00077,-3.4931
orotate,NA,-0.186976416,"Pyrimidine Metabolism, Orotate containing",O=C(C1=CC(O)=NC(O)=N1)O,PXQPEWDEAKTCGB-UHFFFAOYAD,orotate,orotate,50887-69-9,HMDB0000226,C00295,-3.2214
orotidine,0.302172109,0.210959756,"Pyrimidine Metabolism, Orotate containing",O=C(C=C(C(O)=O)N1[C@H]2[C@H](O)[C@H](O)[C@@H](CO)O2)NC1=O,FKCRAVPPBFWEJD-XVFCMESIBQ,orotidine,orotidine,314-50-1,HMDB0000788,NA,
oxalate..ethanedioate.,NA,-0.278260205,Ascorbate and Aldarate Metabolism,O=C(O)C(O)=O,MUBZPKHOEPUJKR-UHFFFAOYAQ,oxalate (ethanedioate),oxalate (ethanedioate),144-62-7,HMDB0002329,C00209,-0.7369
palmitoleoyl.linoleoyl.glycerol..16.1.18.2...1..,0.226500928,NA,Diacylglycerol,CCCCCC/C=C/CCCCCCCC(OCC(OC(CCCCCCC/C=C/C/C=C/CCCCC)=O)CO)=O,NA,palmitoleoyl-linoleoyl-glycerol (16:1/18:2) [1]*,palmitoleoyl-linoleoyl-glycerol (16:1/18:2) [1]*,NA,HMDB0007132,NA,-1.3362
palmitoleoylcarnitine..C16.1..,-0.103352227,NA,"Fatty Acid Metabolism (Acyl Carnitine, Monounsaturated)",O=C(OC(CC([O-])=O)C[N+](C)(C)C)CCCCCCC/C=C\CCCCCC,JFAGPSOZZSTLRF-KHPPLWFEBO,palmitoleoylcarnitine (C16:1)*,palmitoleoylcarnitine (C16:1)*,NA,HMDB0013207,NA,
palmitoloelycholine,-0.350171297,-0.52562339,Fatty Acid Metabolism (Acyl Choline),O=C(CCCCCCC/[C-]=C/CCCCCC)OCC[N+](C)(C)C,NA,palmitoloelycholine,palmitoloelycholine,NA,HMDB0013208,NA,
palmitoyl.arachidonoyl.glycerol..16.0.20.4...2..,0.263768351,0.3096278,Diacylglycerol,CCCCCCCCCCCCCCCC(OCC(CO)OC(CCC/C=C/C/C=C/C/C=C/C/C=C/CCCCC)=O)=O,NA,palmitoyl-arachidonoyl-glycerol (16:0/20:4) [2]*,palmitoyl-arachidonoyl-glycerol (16:0/20:4) [2]*,NA,HMDB0007112,NA,-1.2497
palmitoyl.docosahexaenoyl.glycerol..16.0.22.6...1..,0.211573352,NA,Diacylglycerol,CCCCCCCCCCCCCCCC(OCC(OC(CC/C=C/C/C=C/C/C=C/C/C=C/C/C=C/C/C=C/CC)=O)CO)=O,NA,palmitoyl-docosahexaenoyl-glycerol (16:0/22:6) [1]*,palmitoyl-docosahexaenoyl-glycerol (16:0/22:6) [1]*,NA,HMDB0007121,NA,0.3259
palmitoyl.ethanolamide,-0.062988263,NA,Endocannabinoid,CCCCCCCCCCCCCCCC(NCCO)=O,HXYVTAGFYLMHSO-UHFFFAOYAE,palmitoyl ethanolamide,palmitoyl ethanolamide,544-31-0,HMDB0002100,C16512,-1.0007
palmitoyl.linoleoyl.glycerol..16.0.18.2...1..,NA,0.245234811,Diacylglycerol,OC[C@]([H])(OC(CCCCCCC/C=C\C/C=C\CCCCC)=O)COC(CCCCCCCCCCCCCCC)=O,SVXWJFFKLMLOHO-YAIZGCQRBM,palmitoyl-linoleoyl-glycerol (16:0/18:2) [1]*,palmitoyl-linoleoyl-glycerol (16:0/18:2) [1]*,NA,HMDB0007103,NA,-1.5758
palmitoyl.linoleoyl.glycerol..16.0.18.2...2..,NA,0.317175919,Diacylglycerol,CCCCCCCCCCCCCCCC(OCC(O)COC(CCCCCCC/C=C\C/C=C\CCCCC)=O)=O,NA,palmitoyl-linoleoyl-glycerol (16:0/18:2) [2]*,palmitoyl-linoleoyl-glycerol (16:0/18:2) [2]*,NA,HMDB0007103,NA,-1.5511
palmitoylcholine,NA,-0.635554732,Fatty Acid Metabolism (Acyl Choline),C[N+](C)(C)CCOC(CCCCCCCCCCCCCC[CH2-])=O,NA,palmitoylcholine,palmitoylcholine,NA,HMDB0240592,NA,-0.9703
pantoate,0.073080431,NA,Pantothenate and CoA Metabolism,OC([C@H](O)C(C)(C)CO)=O,OTOIIPJYVQJATP-BYPYZUCNBD,pantoate,pantoate,470-29-1,HMDB0240389,C00522,
pantothenate,0.182276338,NA,Pantothenate and CoA Metabolism,O=C(NCCC(O)=O)[C@H](O)C(C)(C)CO,GHOKWGTUZJEAQD-ZETCQYMHBS,pantothenate,pantothenate (Vitamin B5),137-08-6,HMDB0000210,C00864,3.4212
perfluorohexanesulfonate..PFHxS.,NA,0.233513711,Chemical,FC(F)(F)C(F)(F)C(F)(F)C(F)(F)C(F)(F)C(F)(F)S(=O)(O)=O,NA,perfluorohexanesulfonate (PFHxS),perfluorohexanesulfonate (PFHxS),355-46-4,HMDB0094700,NA,1.5106
perfluorooctanesulfonate..PFOS.,0.071833099,NA,Chemical,O=S(C(F)(F)C(F)(F)C(F)(F)C(F)(F)C(F)(F)C(F)(F)C(F)(F)C(F)(F)F)(O)=O,YFSUTJLHUFNCNZ-UHFFFAOYAS,perfluorooctanesulfonate (PFOS),perfluorooctanesulfonate (PFOS),1763-23-1,HMDB0059586,C18142,2.5649
phenylacetylglutamate,0.187713039,NA,Acetylated Peptides,O=C(N[C@H](C(O)=O)CCC(O)=O)CC1=CC=CC=C1,PTSRBZOZSRJCKX-JTQLQIEIBG,phenylacetylglutamate,phenylacetylglutamate,NA,HMDB0059772,NA,4.3705
phenylacetylglutamine,0.132974805,NA,Acetylated Peptides,O=C(CC1=CC=CC=C1)N[C@@H](CCC(N)=O)C(O)=O,JFLIEFSWGNOPJJ-UHFFFAOYAD,phenylacetylglutamine,phenylacetylglutamine,28047-15-6,HMDB0006344,C04148,4.6233
phenylalanylalanine,-0.168256543,NA,Dipeptide,O=C([C@H](C)NC([C@H](CC1=CC=CC=C1)N)=O)O,MIDZLCFIAINOQN-WPRPVWTQBF,phenylalanylalanine,phenylalanylalanine,3918-87-4,HMDB0028988,NA,9.8939
phenylalanylglycine,NA,-0.18641825,Dipeptide,O=C(CNC(C(CC1=CC=CC=C1)N)=O)O,GLUBLISJVJFHQS-UHFFFAOYAD,phenylalanylglycine,phenylalanylglycine,721-90-4,HMDB0028995,NA,10.06
phosphate,0.090556108,NA,Oxidative Phosphorylation,O=P(O)(O)O,NBIIXXVUZAFLBC-DFZHHIFOAA,phosphate,phosphate,7664-38-2,HMDB0001429,C00009,9.5038
phytanate,NA,-0.179527736,Food Component/Plant,CC(CCCC(CCCC(CCCC(C)C)C)C)CC(O)=O,RLCKHJSFHOZMDR-REWHXWOFAK,phytanate,phytanate,14721-66-5,HMDB0000801,C01607,8.1674
picolinate,-0.071551164,NA,Tryptophan Metabolism,O=C(O)C1=NC=CC=C1,SIOXPEMLGUPBBT-UHFFFAOYAC,picolinate,picolinate,98-98-6,HMDB0002243,C10164,9.8939
pimeloylcarnitine.3.methyladipoylcarnitine..C7.DC.,-0.382242884,NA,"Fatty Acid Metabolism (Acyl Carnitine, Dicarboxylate)",[O-]C(CC(C[N+](C)(C)C)OC(CCCCCC(O)=O)=O)=O,NA,pimeloylcarnitine/3-methyladipoylcarnitine (C7-DC),pimeloylcarnitine/3-methyladipoylcarnitine (C7-DC),NA,NA,NA,0.8768
pipecolate,0.072970579,NA,Lysine Metabolism,OC(C1NCCCC1)=O,NA,pipecolate,pipecolate,4043-87-2,HMDB0000070,NA,-3.4931
pregnanediol.3.glucuronide,NA,-0.238291339,Progestin Steroids,[H][C@]12CC[C@]3([C@@]4(CC[C@]([C@@H](O)C)([C@]4(CC[C@@]3([C@]1(CC[C@@H](O[C@@H]5O[C@H]([C@](O)=O)[C@H]([C@@H]([C@H]5O)O)O)C2)C)[H])C)[H])[H])[H],ZFFFJLDTCLJDHL-JQYCEVDMBA,pregnanediol-3-glucuronide,pregnanediol-3-glucuronide,1852-49-9,HMDB0010318,NA,0.8821
pro.hydroxy.pro,NA,-0.321494417,Urea cycle; Arginine and Proline Metabolism,OC([C@H]1N(C([C@H]2NCCC2)=O)CC(O)C1)=O,ONPXCLZMBSJLSP-ALKRTJFJBT,pro-hydroxy-pro,prolylhydroxyproline,18684-24-7,HMDB0006695,NA,0.7675
prolylglycine,0.301923984,NA,Dipeptide,O=[C@]([C@H]1NCCC1)NCC(O)=O,RNKSNIBMTUYWSH-YFKPBYRVBZ,prolylglycine,prolylglycine,2578-57-6,HMDB0011178,NA,-1.2231
pseudouridine,0.075105391,NA,"Pyrimidine Metabolism, Uracil containing",O[C@]1([H])[C@@](O)([H])[C@](CO)([H])O[C@]1(C2=CNC(NC2=O)=O)[H],HZIOZCLEXIYJAD-JWMKEVCDBU,pseudouridine,pseudouridine,1445-07-4,HMDB0000767,C02067,-0.7631
pyridoxal,NA,-0.223971624,Vitamin B6 Metabolism,OC1=C(C)N=CC(CO)=C1C=O,RADKZDMFGJYCBB-UHFFFAOYAP,pyridoxal,pyridoxal,65-22-5,HMDB0001545,C00250,-0.6348
pyridoxate,-0.078614965,-0.18043174,Vitamin B6 Metabolism,OC1=C(C(O)=O)C(CO)=CN=C1C,HXACOUQIXZGNBF-UHFFFAOYAG,pyridoxate,pyridoxate,82-82-6,HMDB0000017,C00847,-2.5568
pyrraline,NA,0.174270239,Food Component/Plant,NC(C(O)=O)CCCCN1C(C=O)=CC=C1CO,VTYFITADLSVOAS-UHFFFAOYAA,pyrraline,pyrraline,74509-14-1,HMDB0033143,C21013,-1.7062
pyruvate,NA,0.487673311,"Glycolysis, Gluconeogenesis, and Pyruvate Metabolism",CC(C(O)=O)=O,LCTONWCANYUPML-REWHXWOFAD,pyruvate,pyruvate,127-17-3,HMDB0000243,C00022,3.4487
quinate,0.065191643,NA,Food Component/Plant,O[C@@]1([C@](O)(C[C@@](C(O)=O)(C[C@]1(O)[H])O)[H])[H],AAWZDTNXLSGCEK-WYWMIBKRBU,quinate,quinate,77-95-2,HMDB0003072,C00296,-0.6023
retinal,0.085449634,NA,Vitamin A Metabolism,O=C([H])/C=C(C)/C=C/C=C(C)/C=C/C1=C(C)CCCC1(C)C,NCYCYZXNIZJOKI-OVSJKPMPBO,retinal,retinal,NA,HMDB0001358,C00376,0.4269
retinol..Vitamin.A.,0.236695788,NA,Vitamin A Metabolism,C/C(/C=C/C(C(C)(CCC1)C)=C1C)=C\C=C\C(C)=C\CO,FPIPGXGPPPQFEQ-OVSJKPMPBW,retinol (Vitamin A),retinol (Vitamin A),68-26-8,HMDB0000305,C00473,2.5752
ribitol,NA,0.422517048,Pentose Metabolism,OC[C@@H](O)[C@@H](O)[C@@H](O)CO,HEBKCHPVOIAQTA-ZXFHETKHBG,ribitol,ribitol,488-81-3,"HMDB0002917,HMDB0001851,HMDB0000568,HMDB0000508","C00379,C01904,C00474,C00532",1.3013
ribonate,NA,0.311634715,Pentose Metabolism,OC([C@H](O)[C@H](O)[C@H](O)CO)=O,QXKAIJAYHKCRRA-BXXZVTAOBP,ribonate,ribonate,03/08/5336,HMDB0000867,C01685,1.1812
S.methylcysteine,NA,-0.226659258,"Methionine, Cysteine, SAM and Taurine Metabolism",OC([C@H](CSC)N)=O,IDIDJDIHTAOVLG-VKHMYHEABD,S-methylcysteine,S-methylcysteine,1187-84-4,HMDB0002108,NA,0.4444
sebacate..C10.DC.,0.067432012,NA,"Fatty Acid, Dicarboxylate",OC(CCCCCCCCC(O)=O)=O,CXMXRPHRNRROMY-UHFFFAOYAE,sebacate (C10-DC),sebacate (C10-DC),111-20-6,HMDB0000792,C08277,-0.4394
sphingomyelin..d17.1.14.0..d16.1.15.0..,NA,-0.29181425,Sphingomyelins,CCCCCCCCCCC/C=C/[C@@H](O)[C@@H](NC(CCCCCCCCCCCCCC)=O)COP(OCC[N+](C)(C)C)([O-])=O,NA,"sphingomyelin (d17:1/14:0, d16:1/15:0)*","sphingomyelin (d17:1/14:0, d16:1/15:0)*",NA,NA,NA,0.2333
sphingomyelin..d17.2.16.0..d18.2.15.0..,NA,-0.171259953,Sphingomyelins,[H][C@](NC(CCCCCCCCCCCCCC)=O)(COP(OCC[N+](C)(C)C)([O-])=O)[C@@](O)([H])/C=C/CCCCCCCC/C=C\CCC,NA,"sphingomyelin (d17:2/16:0, d18:2/15:0)*","sphingomyelin (d17:2/16:0, d18:2/15:0)*",NA,HMDB0240677,NA,-5.3972
sphingomyelin..d18.1.24.1..d18.2.24.0..,-0.314722926,NA,Sphingomyelins,O[C@H](/C=C/CCCCCCCCCCCCC)[C@H](CO[P](OCC[N+](C)(C)C)([O-])=O)NC(CCCCCCCCCCCCC/C=C\CCCCCCCC)=O,WKZHECFHXLTOLJ-QYKFWSDSBN,"sphingomyelin (d18:1/24:1, d18:2/24:0)*","sphingomyelin (d18:1/24:1, d18:2/24:0)*",94359-13-4,HMDB0012107,NA,8.1082
sphingomyelin..d18.2.14.0..d18.1.14.1..,-0.245061732,-0.196776059,Sphingomyelins,CCCC/C=C/CCCCCCCC(N[C@@](COP([O-])(OCC[N+](C)(C)C)=O)([C@](O)(/C=C/CCCCCCCCCCCCC)[H])[H])=O,NA,"sphingomyelin (d18:2/14:0, d18:1/14:1)*","sphingomyelin (d18:2/14:0, d18:1/14:1)*",NA,"HMDB0240637,HMDB0240612",NA,5.2114
sphingomyelin..d18.2.21.0..d16.2.23.0..,NA,-0.155477417,Sphingomyelins,CCC/C=C/CCCCCCCC/C=C/[C@@H](O)[C@@H](NC(CCCCCCCCCCCCCCCCCCCC)=O)COP([O-])(OCC[N+](C)(C)C)=O,NA,"sphingomyelin (d18:2/21:0, d16:2/23:0)*","sphingomyelin (d18:2/21:0, d16:2/23:0)*",NA,HMDB0240676,NA,-1.4566
sphingomyelin..d18.2.23.1..,-0.288586135,-0.247719211,Sphingomyelins,CCC/C=C/CCCCCCCC/C=C/[C@@H](O)[C@@H](NC(CCCCCCCCCCCCCCCCC/C=C/CCC)=O)COP([O-])(OCC[N+](C)(C)C)=O,NA,sphingomyelin (d18:2/23:1)*,sphingomyelin (d18:2/23:1)*,NA,HMDB0240668,NA,0.4444
sphingomyelin..d18.2.24.1..d18.1.24.2..,-0.412977138,NA,Sphingomyelins,[H][C@](NC(CCCCCCCCCCCCC/C=C\CCCCCCCC)=O)(COP(OCC[N+](C)(C)C)([O-])=O)[C@@](O)([H])/C=C/CCCCCCCC/C=C\CCC,NA,"sphingomyelin (d18:2/24:1, d18:1/24:2)*","sphingomyelin (d18:2/24:1, d18:1/24:2)*",NA,"HMDB0240636,HMDB0240615",NA,4.1583
sphingomyelin..d18.2.24.2..,-0.352351253,NA,Sphingomyelins,CCC/C=C/CCCCCCCC/C=C/[C@@H](O)[C@@H](NC(CCCCCCCCCCCCCCCC/C=C/C/C=C/CC)=O)COP([O-])(OCC[N+](C)(C)C)=O,NA,sphingomyelin (d18:2/24:2)*,sphingomyelin (d18:2/24:2)*,NA,HMDB0240644,NA,3.9343
stearoylcarnitine..C18.,NA,-0.183646271,"Fatty Acid Metabolism (Acyl Carnitine, Long Chain Saturated)",[O-]C(C[C@@H](OC(CCCCCCCCCCCCCCCCC)=O)C[N+](C)(C)C)=O,FNPHNLNTJNMAEE-HSZRJFAPBW,stearoylcarnitine (C18),stearoylcarnitine (C18),18822-91-8,HMDB0000848,NA,-0.8864
stearoylcholine.,NA,-0.632222101,Fatty Acid Metabolism (Acyl Choline),C[N+](C)(C)C[CH-]OC(CCCCCCCCCCCCCCCCC)=O,NA,stearoylcholine*,stearoylcholine*,NA,HMDB0240648,NA,4.3339
succinimide,0.108783789,NA,Chemical,O=C1NC(CC1)=O,KZNICNPSHKQLFF-UHFFFAOYAV,succinimide,succinimide,123-56-8,NA,C07273,4.9084
tauro.beta.muricholate,-0.278346138,NA,Primary Bile Acid Metabolism,O=S(CCNC(CC[C@@H](C)[C@@]1([H])CCC2C3[C@@H](O)[C@@H](O)[C@]4([H])C[C@H](O)CC[C@]4(C)C3CC[C@]12C)=O)(O)=O,XSOLDPYUICCHJX-OEYGYFRSBZ,tauro-beta-muricholate,tauro-beta-muricholate,25696-60-0,HMDB0000932,NA,11.3929
taurochenodeoxycholic.acid.3.sulfate,-0.333427489,NA,Secondary Bile Acid Metabolism,[H][C@@](CCC(NCCS(O)(=O)=O)=O)([C@]1(CC[C@]2([C@@]3([C@@H](C[C@@]4(C[C@H](S(O)(=O)=O)CC[C@@]4([C@]3(C[C@H]([C@]12C)O)[H])C)[H])O)[H])[H])[H])C,IJHJZQKOSUFQCX-WZJRQFJBBW,taurochenodeoxycholic acid 3-sulfate,taurochenodeoxycholic acid 3-sulfate,NA,HMDB0002486,NA,11.3929
taurocholenate.sulfate.,-0.191904687,NA,Secondary Bile Acid Metabolism,O=S(OC1CCC2(C)C(CCC3C2CCC4(C)C3CCC4C(CCC(NCCS(=O)(O)=O)=O)C)=C1)(O)=O,NA,taurocholenate sulfate*,taurocholenate sulfate*,NA,NA,NA,6.21109
taurodeoxycholic.acid.3.sulfate,-0.194065931,NA,Secondary Bile Acid Metabolism,C[C@@]12[C@@](CCC3C2C[C@H](O)[C@@]4(C)C3CC[C@@H]4[C@@H](CCC(NCCS(O)(=O)=O)=O)C)([H])C[C@H](OS(O)(=O)=O)CC1,NA,taurodeoxycholic acid 3-sulfate,taurodeoxycholic acid 3-sulfate,NA,NA,NA,11.0607
taurolithocholate.3.sulfate,-0.188130602,NA,Secondary Bile Acid Metabolism,C[C@@]([C@]([C@@](CC1)([H])[C@@]2([H])[C@](CC3)(C)[C@]1([H])C[C@@H]3OS(=O)(O)=O)(CC4)[H])(CC2)[C@]4([H])[C@H](C)CCC(NCCS(O)(=O)=O)=O,HSNPMXROZIQAQD-GBURMNQMBI,taurolithocholate 3-sulfate,taurolithocholate 3-sulfate,64936-83-0,HMDB0002580,C03642,11.0607
tetradecadienedioate..C14.2.DC..,NA,-0.168488594,"Fatty Acid, Dicarboxylate",O=C(O)CCC/C=C\C/C=C\CCCCC(O)=O,NA,tetradecadienedioate (C14:2-DC)*,tetradecadienedioate (C14:2-DC)*,NA,NA,NA,-1.0934
tetrahydrocortisol.glucuronide,NA,0.299784878,Corticosteroids,[H][C@@]12[C@@]3(C)CC[C@@H](OC4OC(C(O)=O)C(O)C(O)C4O)C[C@@]3([H])CC[C@@]1([H])[C@]5([H])CC[C@@](C(CO)=O)(O)[C@@]5(C)C[C@@H]2O,NA,tetrahydrocortisol glucuronide,tetrahydrocortisol glucuronide,NA,NA,NA,-0.2882
tetrahydrocortisone.glucuronide..5.,NA,0.346916918,Corticosteroids,[H][C@@]12C[C@H](OC3C(O)C(O)C(O)C(C(O)=O)O3)CC[C@]1(C)[C@@]([C@@]4([H])CC2)([H])C(C[C@@]5(C)[C@@]4([H])CC[C@]5(O)C(CO)=O)=O,NA,tetrahydrocortisone glucuronide (5),tetrahydrocortisone glucuronide (5),NA,NA,NA,-5.3972
threonate,NA,-0.246918884,Ascorbate and Aldarate Metabolism,O=C(O)C(O)([H])C([H])(O)CO,JPIJQSOTBSSVTP-GBXIJSLDBD,threonate,threonate,70753-61-6,"HMDB0062620,HMDB0000943",C01620,-3.4931
threonylphenylalanine,-0.072684374,NA,Dipeptide,N[C@@H](C(C)O)C(N[C@@H](CC1=CC=CC=C1)C(O)=O)=O,IQHUITKNHOKGFC-UHFFFAOYAA,threonylphenylalanine,threonylphenylalanine,16875-27-7,HMDB0029068,NA,-3.2214
trans.2.hexenoylglycine,NA,-0.172362484,Fatty Acid Metabolism (Acyl Glycine),CCC/C=C/C(NCC(O)=O)=O,AAPHATPOQGNLOZ-SNAWJCMRBI,trans-2-hexenoylglycine,trans-2-hexenoylglycine,NA,NA,NA,-1.167
trigonelline..N..methylnicotinate.,NA,-0.180981902,Nicotinate and Nicotinamide Metabolism,C[N+]1=CC(C([O-])=O)=CC=C1,WWNNZCOKKKDOPX-UHFFFAOYAV,trigonelline (N'-methylnicotinate),trigonelline (N'-methylnicotinate),535-83-1,HMDB0000875,C01004,-0.8331
trimethylamine.N.oxide,0.221991737,NA,Phospholipid Metabolism,C[N+](C)([O-])C,UYPYRKYUKCHHIB-UHFFFAOYAU,trimethylamine N-oxide,trimethylamine N-oxide,1184-78-7,HMDB0000925,C01104,-2.5673
undecanedioate..C11.DC.,0.08778956,NA,"Fatty Acid, Dicarboxylate",O=C(O)CCCCCCCCCC(O)=O,LWBHHRRTOZQPDM-UHFFFAOYAZ,undecanedioate (C11-DC),undecanedioate (C11-DC),1852-04-6,HMDB0000888,NA,3.2215
urate,NA,0.228313077,"Purine Metabolism, (Hypo)Xanthine/Inosine containing",O=C1NC(NC(NC2=O)=O)=C2N1,LEHOTFFKMJEONL-UHFFFAOYAN,urate,urate,"120K5305,69-93-2",HMDB0000289,C00366,-0.3872
valine,NA,0.45670803,"Leucine, Isoleucine and Valine Metabolism",N[C@H](C(O)=O)C(C)C,KZSNJWFQEVHDMF-BYPYZUCNBW,valine,valine,72-18-4,HMDB0000883,C00183,0.0211
valylglycine,NA,-0.175029878,Dipeptide,O=C(C(C(C)C)N)NCC(O)=O,IOUPEELXVYPCPG-UHFFFAOYAB,valylglycine,valylglycine,686-43-1,HMDB0029127,NA,-2.2029
vanillylmandelate..VMA.,NA,-0.154248356,Tyrosine Metabolism,OC(C(O)=O)C1=CC=C(O)C(OC)=C1,CGQCWMIAEPEHNQ-UHFFFAOYAY,vanillylmandelate (VMA),vanillylmandelate (VMA),55-10-7,HMDB0000291,C05584,-2.1868
X.10458,0.100916427,0.209201424,NA,NA,NA,X-10458,X-10458,NA,NA,NA,-1.0599
X.11308,NA,0.310478627,NA,NA,NA,X-11308,X-11308,NA,NA,NA,-0.2953
X.11315,NA,-0.360560336,NA,NA,NA,X-11315,X-11315,NA,NA,NA,-0.7572
X.11378,NA,0.326015652,NA,NA,NA,X-11378,X-11378,NA,NA,NA,-0.4044
X.11444,NA,0.253354689,NA,NA,NA,X-11444,X-11444,NA,NA,NA,-1.6
X.11787,0.225024433,NA,NA,NA,NA,X-11787,X-11787,NA,NA,NA,-0.9758
X.11880,NA,0.246631608,NA,NA,NA,X-11880,X-11880,NA,NA,NA,-0.5595
X.12007,0.19656773,NA,NA,NA,NA,X-12007,X-12007,NA,NA,NA,0.0883
X.12101,0.245625267,NA,NA,NA,NA,X-12101,X-12101,NA,NA,NA,-0.4585
X.12112,0.081842454,NA,NA,NA,NA,X-12112,X-12112,NA,NA,NA,0.6218
X.12127,0.140865838,NA,NA,NA,NA,X-12127,X-12127,NA,NA,NA,0.6218
X.12456,NA,0.498364449,NA,NA,NA,X-12456,X-12456,NA,NA,NA,-1.432
X.12544,NA,-0.2435165,NA,NA,NA,X-12544,X-12544,NA,NA,NA,-0.9897
X.12680,0.082075486,NA,NA,NA,NA,X-12680,X-12680,NA,NA,NA,-1.0435
X.12714,0.200257708,NA,NA,NA,NA,X-12714,X-12714,NA,NA,NA,-0.8722
X.12718,0.292282515,NA,NA,NA,NA,X-12718,X-12718,NA,NA,NA,-0.0613
X.12726,-0.221746216,NA,NA,NA,NA,X-12726,X-12726,NA,NA,NA,0.4283
X.12738,-0.077773766,NA,NA,NA,NA,X-12738,X-12738,NA,NA,NA,0.1805
X.12798,NA,-0.15992481,NA,NA,NA,X-12798,X-12798,NA,NA,NA,-2.9475
X.12816,NA,-0.181431817,NA,NA,NA,X-12816,X-12816,NA,NA,NA,7.3291
X.12830,-0.087372585,NA,NA,NA,NA,X-12830,X-12830,NA,NA,NA,4.5856
X.12849,0.066221392,NA,NA,NA,NA,X-12849,X-12849,NA,NA,NA,9.1729
X.12851,0.123998488,NA,NA,NA,NA,X-12851,X-12851,NA,NA,NA,4.0294
X.13431,NA,-0.205148108,NA,NA,NA,X-13431,X-13431,NA,NA,NA,9.339
X.13507,0.277952533,NA,NA,NA,NA,X-13507,X-13507,NA,NA,NA,4.8096
X.13658,NA,0.285914273,NA,NA,NA,X-13658,X-13658,NA,NA,NA,10.1192
X.13723,0.179748433,NA,NA,NA,NA,X-13723,X-13723,NA,NA,NA,4.0706
X.13729,0.139842325,NA,NA,NA,NA,X-13729,X-13729,NA,NA,NA,11.6169
X.13866,0.065701035,NA,NA,NA,NA,X-13866,X-13866,NA,NA,NA,11.6169
X.14082,0.087104994,NA,NA,NA,NA,X-14082,X-14082,NA,NA,NA,4.7819
X.15245,NA,0.344016367,NA,NA,NA,X-15245,X-15245,NA,NA,NA,6.07649
X.15461,0.389122015,NA,NA,NA,NA,X-15461,X-15461,NA,NA,NA,11.2847
X.16087,0.269590743,0.23743478,NA,NA,NA,X-16087,X-16087,NA,NA,NA,11.2847
X.16397,-0.429851671,-0.248701135,NA,NA,NA,X-16397,X-16397,NA,NA,NA,11.5087
X.16580,0.322554374,NA,NA,NA,NA,X-16580,X-16580,NA,NA,NA,11.5087
X.16935,NA,0.408752029,NA,NA,NA,X-16935,X-16935,NA,NA,NA,-0.8628
X.16964,0.078363562,NA,NA,NA,NA,X-16964,X-16964,NA,NA,NA,-0.414
X.17010,NA,0.237236471,NA,NA,NA,X-17010,X-17010,NA,NA,NA,-3.1537
X.17301,0.063221795,NA,NA,NA,NA,X-17301,X-17301,NA,NA,NA,-0.8444
X.17328,0.127153715,NA,NA,NA,NA,X-17328,X-17328,NA,NA,NA,4.0017
X.17343,0.080273519,NA,NA,NA,NA,X-17343,X-17343,NA,NA,NA,10.5045
X.17354,NA,-0.319584105,NA,NA,NA,X-17354,X-17354,NA,NA,NA,5.29629
X.17357,NA,0.268840288,NA,NA,NA,X-17357,X-17357,NA,NA,NA,4.5762
X.17653,NA,0.236025601,NA,NA,NA,X-17653,X-17653,NA,NA,NA,11.0607
X.17654,NA,0.235279313,NA,NA,NA,X-17654,X-17654,NA,NA,NA,5.53129
X.17673,0.111181688,NA,NA,NA,NA,X-17673,X-17673,NA,NA,NA,11.3929
X.17765,0.127310462,0.183484461,NA,NA,NA,X-17765,X-17765,NA,NA,NA,10.7285
X.17969,-0.151275029,NA,NA,NA,NA,X-17969,X-17969,NA,NA,NA,10.7285
X.18886,0.330656039,NA,NA,NA,NA,X-18886,X-18886,NA,NA,NA,-0.5496
X.18887,NA,-0.288326077,NA,NA,NA,X-18887,X-18887,NA,NA,NA,-1.0433
X.18921,NA,-0.220890511,NA,NA,NA,X-18921,X-18921,NA,NA,NA,3.5705
X.18922,0.255060291,NA,NA,NA,NA,X-18922,X-18922,NA,NA,NA,4.8411
X.19438,0.203942916,NA,NA,NA,NA,X-19438,X-19438,NA,NA,NA,0.6633
X.2.or.3..decenoate..10.1n7.or.n8.,0.062971478,NA,Medium Chain Fatty Acid,CCCCCCC/C=C/C(O)=O,NA,(2 or 3)-decenoate (10:1n7 or n8),(2 or 3)-decenoate (10:1n7 or n8),NA,NA,NA,0.064
X.21312,NA,-0.178203251,NA,NA,NA,X-21312,X-21312,NA,NA,NA,0.1457
X.21319,NA,-0.171301455,NA,NA,NA,X-21319,X-21319,NA,NA,NA,-0.2428
X.21339,NA,0.32062469,NA,NA,NA,X-21339,X-21339,NA,NA,NA,-0.9286
X.21442,NA,-0.195552093,NA,NA,NA,X-21442,X-21442,NA,NA,NA,6.5363
X.21467,NA,0.431772684,NA,NA,NA,X-21467,X-21467,NA,NA,NA,0.7798
X.21471,NA,0.391086645,NA,NA,NA,X-21471,X-21471,NA,NA,NA,-0.2205
X.21736,0.27991193,NA,NA,NA,NA,X-21736,X-21736,NA,NA,NA,0.2131
X.21742,NA,-0.241975166,NA,NA,NA,X-21742,X-21742,NA,NA,NA,2.3035
X.21796,0.06866236,NA,NA,NA,NA,X-21796,X-21796,NA,NA,NA,-1.2152
X.21839,-0.091768506,NA,NA,NA,NA,X-21839,X-21839,NA,NA,NA,-1.0608
X.21842,-0.218519009,NA,NA,NA,NA,X-21842,X-21842,NA,NA,NA,-2.7828
X.21845,-0.071440369,NA,NA,NA,NA,X-21845,X-21845,NA,NA,NA,0.40042
X.22162,-0.0948471,-0.17023927,NA,NA,NA,X-22162,X-22162,NA,NA,NA,0.28612
X.22509,NA,-0.248157151,NA,NA,NA,X-22509,X-22509,NA,NA,NA,0.3751
X.22834,0.246875505,NA,NA,NA,NA,X-22834,X-22834,NA,NA,NA,-0.34
X.23593,0.247834871,0.16815005,NA,NA,NA,X-23593,X-23593,NA,NA,NA,-2.3214
X.23639,NA,-0.222300117,NA,NA,NA,X-23639,X-23639,NA,NA,NA,5.7169
X.23641,0.248262856,NA,NA,NA,NA,X-23641,X-23641,NA,NA,NA,5.5103
X.23648,0.331842709,NA,NA,NA,NA,X-23648,X-23648,NA,NA,NA,-2.9463
X.23659,0.187923333,NA,NA,NA,NA,X-23659,X-23659,NA,NA,NA,-2.854
X.23662,0.383460779,0.399644175,NA,NA,NA,X-23662,X-23662,NA,NA,NA,2.2764
X.23997,0.066914137,NA,NA,NA,NA,X-23997,X-23997,NA,NA,NA,-0.2387
X.24243,0.194249107,NA,NA,NA,NA,X-24243,X-24243,NA,NA,NA,8.6082
X.24295,NA,0.377121286,NA,NA,NA,X-24295,X-24295,NA,NA,NA,9.1644
X.24410,0.30130364,NA,NA,NA,NA,X-24410,X-24410,NA,NA,NA,12.6753
X.24411,0.275849111,0.237815859,NA,NA,NA,X-24411,X-24411,NA,NA,NA,8.7743
X.24425,-0.136910588,NA,NA,NA,NA,X-24425,X-24425,NA,NA,NA,11.505
X.24475,NA,-0.286538766,NA,NA,NA,X-24475,X-24475,NA,NA,NA,12.0612
X.24519,0.312832096,NA,NA,NA,NA,X-24519,X-24519,NA,NA,NA,12.4513
X.24549,0.094669087,NA,NA,NA,NA,X-24549,X-24549,NA,NA,NA,12.2273
X.24556,NA,-0.210215925,NA,NA,NA,X-24556,X-24556,NA,NA,NA,5.0059
X.24588,NA,0.185076076,NA,NA,NA,X-24588,X-24588,NA,NA,NA,6.65909
X.24608,NA,0.16740615,NA,NA,NA,X-24608,X-24608,NA,NA,NA,-0.577
X.24669,-0.135038843,NA,NA,NA,NA,X-24669,X-24669,NA,NA,NA,2.3681
X.24728,0.327558916,NA,NA,NA,NA,X-24728,X-24728,NA,NA,NA,2.2636
X.24736,-0.154601617,-0.212160571,NA,NA,NA,X-24736,X-24736,NA,NA,NA,4.1737
X.24747,-0.098285334,NA,NA,NA,NA,X-24747,X-24747,NA,NA,NA,3.2244
X.24812,NA,0.155214323,NA,NA,NA,X-24812,X-24812,NA,NA,NA,4.2536
X.24951,NA,0.226476775,NA,NA,NA,X-24951,X-24951,NA,NA,NA,3.3888
X.25418,0.095536749,NA,NA,NA,NA,X-25418,X-25418,NA,NA,NA,-0.4302
X.25454,0.274451582,NA,NA,NA,NA,X-25454,X-25454,NA,NA,NA,-0.222
X.25519,NA,0.305231515,NA,NA,NA,X-25519,X-25519,NA,NA,NA,-2.2149
X.25855,0.344190331,NA,NA,NA,NA,X-25855,X-25855,NA,NA,NA,-0.4934
X.25936,NA,0.389017529,NA,NA,NA,X-25936,X-25936,NA,NA,NA,0.5435
X.25957,0.067312356,NA,NA,NA,NA,X-25957,X-25957,NA,NA,NA,-1.1254
X.26106,0.130993517,NA,NA,NA,NA,X-26106,X-26106,NA,NA,NA,0.1904
X.26107,0.359694797,NA,NA,NA,NA,X-26107,X-26107,NA,NA,NA,2.6665
X.26108,0.52083171,NA,NA,NA,NA,X-26108,X-26108,NA,NA,NA,-1.7672
X.R..3.hydroxybutyrylcarnitine,0.391390803,NA,"Fatty Acid Metabolism (Acyl Carnitine, Hydroxy)",CC(CC(OC(C[N+](C)(C)C)CC([O-])=O)=O)O,NA,(R)-3-hydroxybutyrylcarnitine,(R)-3-hydroxybutyrylcarnitine,NA,HMDB0013127,NA,0.0543
X.S..3.hydroxybutyrylcarnitine,0.492006955,NA,"Fatty Acid Metabolism (Acyl Carnitine, Hydroxy)",CC(O)CC(OC(C[N+](C)(C)C)CC([O-])=O)=O,NA,(S)-3-hydroxybutyrylcarnitine,(S)-3-hydroxybutyrylcarnitine,NA,HMDB0013127,NA,-0.8295
X1..1.enyl.palmitoyl..2.oleoyl.GPC..P.16.0.18.1..,NA,-0.551308156,Plasmalogen,[H][C@](OC(CCCCCCC/C=C\CCCCCCCC)=O)(CO[P-](OCC[N+](C)(C)C)([O])=O)CO/C=C\CCCCCCCCCCCCCC,NA,1-(1-enyl-palmitoyl)-2-oleoyl-GPC (P-16:0/18:1)*,1-(1-enyl-palmitoyl)-2-oleoyl-GPC (P-16:0/18:1)*,NA,HMDB0007996,NA,0.5188
X1..1.enyl.palmitoyl..2.palmitoleoyl.GPC..P.16.0.16.1..,NA,-0.464018414,Plasmalogen,[H][C@](OC(CCCCCCC/C=C\CCCCCC)=O)(COP(OCC[N+](C)(C)C)([O-])=O)CO/C=C\CCCCCCCCCCCCCC,NA,1-(1-enyl-palmitoyl)-2-palmitoleoyl-GPC (P-16:0/16:1)*,1-(1-enyl-palmitoyl)-2-palmitoleoyl-GPC (P-16:0/16:1)*,NA,HMDB0011207,NA,
X1..1.enyl.palmitoyl..GPC..P.16.0..,NA,-0.498787013,Lysoplasmalogen,CCCCCCCCCCCCCC/C=C\OC[C@H](COP([O-])(OCC[N+](C)(C)C)=O)O,HTZINLFNXLXRBC-CQLBIITFBS,1-(1-enyl-palmitoyl)-GPC (P-16:0)*,1-(1-enyl-palmitoyl)-GPC (P-16:0)*,NA,HMDB0010407,NA,
X1..1.enyl.stearoyl..2.oleoyl.GPE..P.18.0.18.1.,0.091821448,NA,Plasmalogen,[H][C@@](COP([O-])(OCC[NH3+])=O)(OC(CCCCCCC/C=C\CCCCCCCC)=O)CO/C=C\CCCCCCCCCCCCCCCC,XVYPOHCSLJZFED-QZEVRULJBC,1-(1-enyl-stearoyl)-2-oleoyl-GPE (P-18:0/18:1),1-(1-enyl-stearoyl)-2-oleoyl-GPE (P-18:0/18:1),144371-68-6,HMDB0011375,NA,
X1.3.dimethylurate,0.062990622,NA,Xanthine Metabolism,CN1C(N(C(N2)=C(C1=O)NC2=O)C)=O,OTSBKHHWSQYEHK-UHFFFAOYAM,"1,3-dimethylurate","1,3-dimethylurate",944-73-0,HMDB0001857,NA,
X1.5.anhydroglucitol..1.5.AG.,NA,-0.522795882,"Glycolysis, Gluconeogenesis, and Pyruvate Metabolism",O[C@@H]1[C@@H](CO)OC[C@H](O)[C@H]1O,MPCAJMNYNOGXPB-SLPGGIOYBT,"1,5-anhydroglucitol (1,5-AG)","1,5-anhydroglucitol (1,5-AG)",154-58-5,HMDB0002712,C07326,
X1.arachidonoyl.GPI..20.4..,-0.073203242,NA,Lysophospholipid,[H]C(C(O)(C(O)([C@](O)1[H])[H])[H])([C@@](OP(O)(OC[C@@]([H])(COC(CCC/C=C\C/C=C\C/C=C\C/C=C\CCCCC)=O)O)=O)([C@]1(O)[H])[H])O,NA,1-arachidonoyl-GPI (20:4)*,1-arachidonoyl-GPI* (20:4)*,NA,HMDB0061690,NA,
X1.cerotoyl.GPC..26.0..,-0.180031514,NA,Lysophospholipid,C[N+](C)(CCOP([O-])(OC[C@@](O)([H])COC(CCCCCCCCCCCCCCCCCCCCCCCCC)=O)=O)C,WSDKRPCAPHRNNZ-MGBGTMOVBI,1-cerotoyl-GPC (26:0)*,1-cerotoyl-GPC (26:0)*,NA,HMDB29205,NA,
X1.docosahexaenoylglycerol..22.6.,-0.074317111,NA,Monoacylglycerol,O=C(OCC(O)CO)CC/C=C\C/C=C\C/C=C\C/C=C\C/C=C\C/C=C\CC,JWPHORDRFVRZPP-KUBAVDMBBG,1-docosahexaenoylglycerol (22:6),1-docosahexaenoylglycerol (22:6),NA,HMDB0011587,NA,
X1.heptadecenoylglycerol..17.1..,0.099055969,NA,Monoacylglycerol,CCCCCC/C=C\CCCCCCCCC(OCC(O)CO)=O,NA,1-heptadecenoylglycerol (17:1)*,1-heptadecenoylglycerol (17:1)*,NA,NA,NA,
X1.linolenoyl.GPC..18.3..,NA,-0.296366262,Lysophospholipid,C[N+](CCOP(OCC(O)COC(CCCCCCC/C=C/C/C=C/C/C=C/CC)=O)([O-])=O)(C)C,NA,1-linolenoyl-GPC (18:3)*,1-linolenoyl-GPC (18:3)*,NA,HMDB0010388,C04100,
X1.linoleoyl.GPG..18.2..,NA,0.224861527,Lysophospholipid,[H][C@@](CO)(O)COP(OC[C@]([H])(O)COC(CCCCCCC/C=C\C/C=C\CCCCC)=O)(O)=O,NA,1-linoleoyl-GPG (18:2)*,1-linoleoyl-GPG (18:2)*,NA,HMDB0240600,NA,
X1.methylhistamine,0.162910254,NA,Histidine Metabolism,CN1C=C(CCN)N=C1,FHQDWPCFSJMNCT-UHFFFAOYAR,1-methylhistamine,1-methylhistamine,501-75-7,HMDB0000898,C05127,
X1.oleoyl.2.arachidonoyl.GPE..18.1.20.4..,0.252089547,NA,Phosphatidylethanolamine (PE),O=C(CCCCCCC/C=C\CCCCCCCC)OC[C@]([H])(COP(OCCN)(O)=O)OC(CCC/C=C\C/C=C\C/C=C\C/C=C\CCCCC)=O,NA,1-oleoyl-2-arachidonoyl-GPE (18:1/20:4)*,1-oleoyl-2-arachidonoyl-GPE (18:1/20:4)*,NA,HMDB0009069,NA,
X1.oleoyl.2.docosahexaenoyl.GPE..18.1.22.6..,0.269651579,NA,Phosphatidylethanolamine (PE),O=C(CCCCCCC/C=C\CCCCCCCC)OC[C@]([H])(COP(OCCN)(O)=O)OC(CC/C=C\C/C=C\C/C=C\C/C=C\C/C=C\C/C=C\CC)=O,NA,1-oleoyl-2-docosahexaenoyl-GPE (18:1/22:6)*,1-oleoyl-2-docosahexaenoyl-GPE (18:1/22:6)*,NA,HMDB0009078,NA,
X1.oleoyl.GPC..18.1.,NA,-0.445343112,Lysophospholipid,O[C@H](COC(CCCCCCC/C=C\CCCCCCCC)=O)COP(OCC[N+](C)(C)C)([O-])=O,YAMUFBLWGFFICM-PTGWMXDIBX,1-oleoyl-GPC (18:1),1-oleoyl-GPC (18:1),19420-56-5,HMDB0002815,C03916,
X1.oleoyl.GPE..18.1.,0.065823143,NA,Lysophospholipid,O=P(OCC[NH3+])([O-])OC[C@H](O)COC(CCCCCCC\C=C/CCCCCCCC)=O,PYVRVRFVLRNJLY-MZMPXXGTBD,1-oleoyl-GPE (18:1),1-oleoyl-GPE (18:1),89576-29-4,HMDB0011506,NA,
X1.oleoyl.GPG..18.1..,0.142981135,NA,Lysophospholipid,O[C@H](COC(CCCCCCC/C=C\CCCCCCCC)=O)COP(OCC(O)CO)(O)=O,NA,1-oleoyl-GPG (18:1)*,1-oleoyl-GPG (18:1)*,NA,HMDB0240602,NA,
X1.palmitoleoyl.2.linolenoyl.GPC..16.1.18.3..,NA,-0.202834893,Phosphatidylcholine (PC),O=C(CCCCCCC/C=C\CCCCCC)OC[C@]([H])(COP(OCC[N+](C)(C)C)([O-])=O)OC(CCCCCCC/C=C\C/C=C\C/C=C\CC)=O,NA,1-palmitoleoyl-2-linolenoyl-GPC (16:1/18:3)*,1-palmitoleoyl-2-linolenoyl-GPC (16:1/18:3)*,NA,HMDB0008008,NA,
X1.palmitoleoyl.GPC..16.1..,NA,-0.224786197,Lysophospholipid,O=P(OCC[N+](C)(C)C)([O-])OCC(O)COC(CCCCCCC/C=C\CCCCCC)=O,LFUDDCMNKWEORN-KHPPLWFEBO,1-palmitoleoyl-GPC (16:1)*,1-palmitoleoyl-GPC* (16:1)*,NA,HMDB0010383,NA,
X1.palmitoyl.2.arachidonoyl.GPE..16.0.20.4..,0.291410299,NA,Phosphatidylethanolamine (PE),O=C(CCCCCCCCCCCCCCC)OC[C@]([H])(COP(OCCN)(O)=O)OC(CCC/C=C\C/C=C\C/C=C\C/C=C\CCCCC)=O,DRIVXEVMDWCWLI-CAQMIEAIBF,1-palmitoyl-2-arachidonoyl-GPE (16:0/20:4)*,1-palmitoyl-2-arachidonoyl-GPE (16:0/20:4)*,NA,HMDB0005323,C05210,
X1.palmitoyl.2.docosahexaenoyl.GPE..16.0.22.6..,0.222599908,0.217765585,Phosphatidylethanolamine (PE),O=C(CCCCCCCCCCCCCCC)OC[C@]([H])(COP(OCCN)(O)=O)OC(CC/C=C\C/C=C\C/C=C\C/C=C\C/C=C\C/C=C\CC)=O,MPWUZHVZZKSTPV-MADBQMNMBW,1-palmitoyl-2-docosahexaenoyl-GPE (16:0/22:6)*,1-palmitoyl-2-docosahexaenoyl-GPE (16:0/22:6)*,NA,HMDB0008946,NA,
X1.palmitoyl.2.linoleoyl.GPE..16.0.18.2.,NA,0.1866608,Phosphatidylethanolamine (PE),O=C(CCCCCCC/C=C\C/C=C\CCCCC)O[C@@H](COP(OCCN)(O)=O)COC(CCCCCCCCCCCCCCC)=O,HBZNVZIRJWODIB-NHCUFCNUBC,1-palmitoyl-2-linoleoyl-GPE (16:0/18:2),1-palmitoyl-2-linoleoyl-GPE (16:0/18:2),NA,HMDB0005322,NA,
X1.palmitoyl.2.linoleoyl.GPI..16.0.18.2.,NA,0.168917651,Phosphatidylinositol (PI),O=C(CCCCCCC/C=C\C/C=C\CCCCC)O[C@@H](COP(OC1C(O)C(O)C(O)C(O)C1O)(O)=O)COC(CCCCCCCCCCCCCCC)=O,BSNJSZUDOMPYIR-DMDPBSJXBZ,1-palmitoyl-2-linoleoyl-GPI (16:0/18:2),1-palmitoyl-2-linoleoyl-GPI (16:0/18:2),NA,HMDB0009784,NA,
X1.palmitoyl.2.oleoyl.GPE..16.0.18.1.,NA,0.355819316,Phosphatidylethanolamine (PE),CCCCCCCC\C=C/CCCCCCCC(O[C@](COC(CCCCCCCCCCCCCCC)=O)(COP([O-])(OCC[N+]([H])([H])[H])=O)[H])=O,FHQVHHIBKUMWTI-OTMQOFQLBI,1-palmitoyl-2-oleoyl-GPE (16:0/18:1),1-palmitoyl-2-oleoyl-GPE (16:0/18:1),26662-94-2,HMDB0005320,NA,
X1.palmitoyl.GPI..16.0.,-0.212439412,NA,Lysophospholipid,[H]C(C(O)(C(O)([C@](O)1[H])[H])[H])([C@@](OP(O)(OC[C@@]([H])(COC(CCCCCCCCCCCCCCC)=O)O)=O)([C@]1(O)[H])[H])O,NA,1-palmitoyl-GPI (16:0),1-palmitoyl-GPI* (16:0),NA,HMDB0061695,NA,
X1.stearoyl.2.arachidonoyl.GPE..18.0.20.4.,0.318674042,NA,Phosphatidylethanolamine (PE),O=C(CCCCCCCCCCCCCCCCC)OC[C@]([H])(COP(OCCN)(O)=O)OC(CCC/C=C\C/C=C\C/C=C\C/C=C\CCCCC)=O,ANRKEHNWXKCXDB-BHFWLYLHBY,1-stearoyl-2-arachidonoyl-GPE (18:0/20:4),1-stearoyl-2-arachidonoyl-GPE (18:0/20:4),NA,HMDB0009003,C05210,
X1.stearoyl.2.docosahexaenoyl.GPE..18.0.22.6..,0.319412806,0.35677866,Phosphatidylethanolamine (PE),O=C(CCCCCCCCCCCCCCCCC)OC[C@]([H])(COP(OCCN)(O)=O)OC(CC/C=C\C/C=C\C/C=C\C/C=C\C/C=C\C/C=C\CC)=O,XYYHNDVKALDFHQ-OXHZBIAZBI,1-stearoyl-2-docosahexaenoyl-GPE (18:0/22:6)*,1-stearoyl-2-docosahexaenoyl-GPE (18:0/22:6)*,NA,HMDB0009012,NA,
X1.stearoyl.2.oleoyl.GPE..18.0.18.1.,NA,0.342980681,Phosphatidylethanolamine (PE),O=C(CCCCCCC/C=C/CCCCCCCC)O[C@@H](COP(OCCN)(O)=O)COC(CCCCCCCCCCCCCCCCC)=O,NA,1-stearoyl-2-oleoyl-GPE (18:0/18:1),1-stearoyl-2-oleoyl-GPE (18:0/18:1),NA,HMDB0008993,NA,
X1.stearoyl.GPC..18.0.,NA,-0.410951754,Lysophospholipid,O[C@H](COC(CCCCCCCCCCCCCCCCC)=O)COP(OCC[N+](C)(C)C)([O-])=O,IHNKQIMGVNPMTC-RUZDIDTEBJ,1-stearoyl-GPC (18:0),1-stearoyl-GPC (18:0),19420-57-6,HMDB0010384,NA,
X1.stearoyl.GPI..18.0.,-0.228802301,-0.223770708,Lysophospholipid,[H]C(C(O)(C(O)([C@](O)1[H])[H])[H])([C@@](OP(O)(OC[C@@]([H])(COC(CCCCCCCCCCCCCCCCC)=O)O)=O)([C@]1(O)[H])[H])O,LXUGKKVCSTYZFK-DYLKWFMLBW,1-stearoyl-GPI (18:0),1-stearoyl-GPI (18:0),796963-93-4,HMDB0240261,NA,
X10.undecenoate..11.1n1.,NA,-0.208069747,Medium Chain Fatty Acid,O=C(CCCCCCCCC=C)O[H],FRPZMMHWLSIFAZ-UHFFFAOYAJ,10-undecenoate (11:1n1),10-undecenoate (11:1n1),1333-28-4,HMDB0033724,C13910,
X12.13.DiHOME,-0.228744764,NA,"Fatty Acid, Dihydroxy",CCCCCC(C(C/C=C\CCCCCCCC(O)=O)O)O,CQSLTKIXAJTQGA-FLIBITNWBI,"12,13-DiHOME","12,13-DiHOME",263399-35-5,HMDB0004705,C14829,
X17alpha.hydroxypregnanolone.glucuronide,0.165029322,NA,Pregnenolone Steroids,O=C(C)[C@]1(O)[C@]2(C)C(CC1)C3C(CC2)[C@](CC[C@@H](OC4[C@H](O)[C@@H](O)[C@H](O)[C@@H]([C@@](O)=O)O4)C5)(C)[C@@]5([H])CC3,NA,17alpha-hydroxypregnanolone glucuronide,17alpha-hydroxypregnanolone glucuronide,NA,NA,NA,
X2.3.dihydroxy.2.methylbutyrate,0.207945627,NA,"Leucine, Isoleucine and Valine Metabolism",OC(C)(C(O)=O)C(C)O,AOWPAWLEXIYETE-UHFFFAOYAH,"2,3-dihydroxy-2-methylbutyrate","2,3-dihydroxy-2-methylbutyrate",14868-24-7,HMDB0029576,NA,
X2.3.dihydroxypyridine,0.099666192,NA,Food Component/Plant,OC1=NC=CC=C1O,GGOZGYRTNQBSSA-UHFFFAOYAS,"2,3-dihydroxypyridine","2,3-dihydroxypyridine",16867-04-2,NA,NA,
X2.acrylamidoglycolic.acid,NA,-0.182933756,Chemical,OC(C(O)=O)N([H])C(C=C)=O,NEYTXADIGVEHQD-UHFFFAOYAU,2-acrylamidoglycolic acid,2-acrylamidoglycolic acid,6737-24-2,NA,NA,
X2.aminobutyrate,0.093265628,NA,Glutathione Metabolism,N[C@H](CC)C(O)=O,QWCKQJZIFLGMSD-GSVOUGTGBL,2-aminobutyrate,2-aminobutyrate,1492-24-6,HMDB0000452,C02356,
X2.aminoheptanoate,NA,0.35403675,"Fatty Acid, Amino",OC(C(CCCCC)N([H])[H])=O,RDFMDVXONNIGBC-UHFFFAOYAG,2-aminoheptanoate,2-aminoheptanoate,1115-90-8,HMDB0094649,NA,
X2.aminophenol.sulfate,NA,-0.183340237,Food Component/Plant,NC1=CC=CC=C1OS(O)(=O)=O,VSTZVCJQGSLNLL-UHFFFAOYAM,2-aminophenol sulfate,2-aminophenol sulfate,NA,HMDB0061116,NA,
X2.docosahexaenoylglycerol..22.6..,-0.17862709,NA,Monoacylglycerol,O=C(OC(CO)CO)CC/C=C\C/C=C\C/C=C\C/C=C\C/C=C\C/C=C\CC,NHNGEAQTTQPSCX-KUBAVDMBBH,2-docosahexaenoylglycerol (22:6)*,2-docosahexaenoylglycerol (22:6)*,NA,HMDB0011557,NA,
X2.hydroxy.3.methylvalerate,NA,0.290914379,"Leucine, Isoleucine and Valine Metabolism",O=C(C(C(CC)C)O)O,RILPIWOPNGRASR-UHFFFAOYAI,2-hydroxy-3-methylvalerate,2-hydroxy-3-methylvalerate,488-15-3,HMDB0000317,NA,
X2.hydroxy.4..methylthio.butanoic.acid,NA,0.238221911,"Methionine, Cysteine, SAM and Taurine Metabolism",CSCCC(O)C(O)=O,NA,2-hydroxy-4-(methylthio)butanoic acid,2-hydroxy-4-(methylthio)butanoic acid,583-91-5,HMDB0037115,NA,
X2.hydroxyadipate,0.066523531,NA,"Fatty Acid, Dicarboxylate",O=C(O)C(O)CCCC(O)=O,OTTXIFWBPRRYOG-UHFFFAOYAL,2-hydroxyadipate,2-hydroxyadipate,18294-85-4,HMDB0000321,C02360,
X2.hydroxyarachidate.,0.170768351,NA,"Fatty Acid, Monohydroxy",CCCCCCCCCCCCCCCCCCC(O)C(O)=O,CPLYLXYEVLGWFJ-UHFFFAOYAX,2-hydroxyarachidate*,2-hydroxyarachidate*,NA,NA,NA,
X2.hydroxybehenate,NA,0.32677838,"Fatty Acid, Monohydroxy",CCCCCCCCCCCCCCCCCCCCC(O)C(O)=O,RPGJJWLCCOPDAZ-UHFFFAOYAL,2-hydroxybehenate,2-hydroxybehenate,NA,HMDB0061660,NA,
X2.hydroxyglutarate,0.111054614,NA,"Fatty Acid, Dicarboxylate",O=C(O)CCC(O)C(O)=O,HWXBTNAVRSUOJR-UHFFFAOYAI,2-hydroxyglutarate,2-hydroxyglutarate,40951-21-1,HMDB0059655,C02630,
X2.hydroxyheptanoate.,0.299561157,0.273422495,"Fatty Acid, Monohydroxy",OC(C(O)CCCCC)=O,RGMMREBHCYXQMA-UHFFFAOYAG,2-hydroxyheptanoate*,2-hydroxyheptanoate*,NA,NA,NA,
X2.hydroxylaurate,NA,0.168511173,"Fatty Acid, Monohydroxy",OC(C(O)CCCCCCCCCC)=O,YDZIJQXINJLRLL-UHFFFAOYAT,2-hydroxylaurate,2-hydroxylaurate,2984-55-6,NA,NA,
X2.hydroxyphenylacetate,0.156865573,NA,Phenylalanine Metabolism,OC(CC1=C(O)C=CC=C1)=O,CCVYRRGZDBSHFU-UHFFFAOYAL,2-hydroxyphenylacetate,2-hydroxyphenylacetate,614-75-5,HMDB0000669,C05852,
X2.keto.3.deoxy.gluconate,NA,0.376956746,Food Component/Plant,OC[C@@H](O)[C@@H](O)CC(C(O)=O)=O,WPAMZTWLKIDIOP-WVZVXSGGBW,2-keto-3-deoxy-gluconate,2-keto-3-deoxy-gluconate,17510-99-5,HMDB0001353,C00204,
X2.methoxyhydroquinone.sulfate..1.,NA,0.223659073,Benzoate Metabolism,OC1=CC=C(OS(=O)(O)=O)C=C1OC,NA,2-methoxyhydroquinone sulfate (1),2-methoxyhydroquinone sulfate (1),NA,NA,NA,
X2.methylserine,0.080377022,NA,"Glycine, Serine and Threonine Metabolism",OCC(N)(C)C(O)=O,CDUUKBXTEOFITR-UHFFFAOYAW,2-methylserine,2-methylserine,NA,NA,C02115,
X2.myristoylglycerol..14.0.,-0.070027238,NA,Monoacylglycerol,O=C(CCCCCCCCCCCCC)OC(CO)CO,TVIMZSOUQXNWHO-UHFFFAOYAT,2-myristoylglycerol (14:0),2-myristoylglycerol (14:0),27214-38-6,HMDB0011530,NA,
X2.O.methylascorbic.acid,NA,0.267598961,Ascorbate and Aldarate Metabolism,OC1=C(OC)C(C(C(CO)O)O1)=O,RMHBODZVODTFAH-UHFFFAOYAP,2-O-methylascorbic acid,2-O-methylascorbic acid,17860-87-6,HMDB0240294,NA,
X2.palmitoleoyl.GPC..16.1..,-0.21053407,NA,Lysophospholipid,OC[C@](OC(CCCCCCCC/C=C\CCCCC)=O)([H])COP(OCC[N+](C)(C)C)([O-])=O,GKXPPJQBVCKAGD-DJYGDJEFBY,2-palmitoleoyl-GPC (16:1)*,2-palmitoleoyl-GPC* (16:1)*,NA,HMDB10383,NA,
X2.piperidinone,NA,0.251325104,Food Component/Plant,O=C1CCCCN1,XUWHAWMETYGRKB-UHFFFAOYAE,2-piperidinone,2-piperidinone,675-20-7,HMDB0011749,NA,
X3.4.dihydroxybutyrate,0.299067318,NA,"Fatty Acid, Dihydroxy",O=C(CC(CO)O)O,NA,"3,4-dihydroxybutyrate","3,4-dihydroxybutyrate",51267-44-8,HMDB0000337,NA,
X3.amino.2.piperidone,-0.188617542,NA,Urea cycle; Arginine and Proline Metabolism,NC1CCCNC1=O,YCCMTCQQDULIFE-UHFFFAOYAX,3-amino-2-piperidone,3-amino-2-piperidone,1892-22-4,HMDB0000323,NA,
X3.aminoisobutyrate,NA,-0.25232805,"Pyrimidine Metabolism, Thymine containing",O=C(O)C(C)CN,QCHPKSFMDHPSNR-UHFFFAOYAN,3-aminoisobutyrate,3-aminoisobutyrate,"214139-20-5,10569-72-9",HMDB0002166,C05145,
X3.bromo.5.chloro.2.6.dihydroxybenzoic.acid.,NA,0.182783463,Chemical,OC(C1=C(O)C(Cl)=CC(Br)=C1O)=O,NA,"3-bromo-5-chloro-2,6-dihydroxybenzoic acid*","3-bromo-5-chloro-2,6-dihydroxybenzoic acid*",NA,NA,NA,
X3.decenoylcarnitine,0.142632406,NA,"Fatty Acid Metabolism (Acyl Carnitine, Monounsaturated)",O=C(C/C([H])=C(CCCCCC)\[H])OC(CC([O-])=O)C[N+](C)(C)C,NA,3-decenoylcarnitine,3-decenoylcarnitine,NA,NA,NA,
X3.formylindole,0.072574495,NA,Food Component/Plant,O=CC1=CNC2=CC=CC=C12,OLNJUISKUQQNIM-UHFFFAOYAL,3-formylindole,3-formylindole,487-89-8,HMDB29737,C08493,
X3.hydroxy.3.methylglutarate,0.252365335,NA,Mevalonate Metabolism,CC(CC(O)=O)(CC(O)=O)O,NPOAOTPXWNWTSH-NUQVWONBAH,3-hydroxy-3-methylglutarate,3-hydroxy-3-methylglutarate,503-49-1,HMDB0000355,C03761,
X3.hydroxyadipate,0.464986908,NA,"Fatty Acid, Dicarboxylate",OC(CC(O)=O)CCC(O)=O,YVOMYDHIQVMMTA-UHFFFAOYAG,3-hydroxyadipate,3-hydroxyadipate,NA,HMDB0000345,NA,
X3.hydroxybutyrate..BHBA.,0.065779885,NA,Ketone Bodies,CC(O)CC(O)=O,WHBMMWSBFZVSSR-UHFFFAOYAO,3-hydroxybutyrate (BHBA),3-hydroxybutyrate (BHBA),625-72-9,"HMDB0000442,HMDB0000357,HMDB0000011","C03197,C01089",
X3.hydroxydecanoate,0.344956688,NA,"Fatty Acid, Monohydroxy",OC(CC(O)=O)CCCCCCC,FYSSBMZUBSBFJL-UHFFFAOYAJ,3-hydroxydecanoate,3-hydroxydecanoate,5561-87-5,HMDB0002203,NA,
X3.hydroxydodecanedioate.,0.357224094,NA,"Fatty Acid, Dicarboxylate",O=C(O)CC(O)CCCCCCCCC(O)=O,FYVQCLGZFXHEGL-UHFFFAOYAV,3-hydroxydodecanedioate*,3-hydroxydodecanedioate*,34574-69-1,HMDB0000413,NA,
X3.hydroxyhexanoate,0.177329021,NA,"Fatty Acid, Monohydroxy",CCCC(O)CC(O)=O,HPMGFDVTYHWBAG-UHFFFAOYAJ,3-hydroxyhexanoate,3-hydroxyhexanoate,10191-24-9,"HMDB0061652,HMDB0010718",NA,
X3.hydroxyhexanoylcarnitine..1.,0.268630114,0.15879597,"Fatty Acid Metabolism (Acyl Carnitine, Hydroxy)",C[N+](C)(C)CC(OC(CC(O)CCC)=O)CC([O-])=O,NA,3-hydroxyhexanoylcarnitine (1),3-hydroxyhexanoylcarnitine (1),NA,NA,NA,
X3.hydroxyhippurate.sulfate,0.067443677,NA,Benzoate Metabolism,O=C(NCC(O)=O)C1=CC(OS(=O)(O)=O)=CC=C1,SBLCKJXUMHOIBU-UHFFFAOYAN,3-hydroxyhippurate sulfate,3-hydroxyhippurate sulfate,NA,NA,NA,
X3.hydroxylaurate,0.146635898,NA,"Fatty Acid, Monohydroxy",OC(CC(CCCCCCCCC)O)=O,MUCMKTPAZLSKTL-UHFFFAOYAV,3-hydroxylaurate,3-hydroxylaurate,53941-38-1,HMDB0000387,NA,
X3.hydroxyoctanoate,0.430312101,NA,"Fatty Acid, Monohydroxy",OC(CC(O)=O)CCCCC,NDPLAKGOSZHTPH-UHFFFAOYAI,3-hydroxyoctanoate,3-hydroxyoctanoate,88930-08-9,HMDB0001954,C20793,
X3.hydroxysebacate,0.366087421,NA,"Fatty Acid, Monohydroxy",OC(CC(O)CCCCCCC(O)=O)=O,OQYZCCKCJQWHIE-UHFFFAOYAK,3-hydroxysebacate,3-hydroxysebacate,73141-46-5,HMDB0000350,NA,
X3.methyl.2.oxovalerate,0.373207038,0.353157822,"Leucine, Isoleucine and Valine Metabolism",CCC(C)C(C(O)=O)=O,JVQYSWDUAOAHFM-UHFFFAOYAW,3-methyl-2-oxovalerate,3-methyl-2-oxovalerate,"51829-07-3,1460-34-0",HMDB0000491,"C03465,C06008,C00671",
X3.methyl.catechol.sulfate..1.,0.087642044,NA,Benzoate Metabolism,OC1=C(C)C=CC=C1OS(O)(=O)=O,NA,3-methyl catechol sulfate (1),3-methyl catechol sulfate (1),NA,NA,NA,
X3.methyladipate,NA,-0.172760565,"Fatty Acid, Dicarboxylate",O=C(O)CC(C)CCC(O)=O,SYEOWUNSTUDKGM-UHFFFAOYAW,3-methyladipate,3-methyladipate,03/01/3058,HMDB0000555,NA,
X3.methylhistidine,0.063088708,NA,Histidine Metabolism,N[C@H](C(O)=O)CC1=CN=CN1C,JDHILDINMRGULE-LURJTMIEBU,3-methylhistidine,3-methylhistidine,368-16-1,HMDB0000479,C01152,
X3.methylxanthine,NA,-0.152845987,Xanthine Metabolism,O=C1N(C)C2=C(N=CN2)C(N1)=O,GMSNIKWWOQHZGF-UHFFFAOYAL,3-methylxanthine,3-methylxanthine,1076-22-8,HMDB0001886,C16357,
X4.acetamidobenzoate,-0.215330592,NA,Chemical,CC(NC1=CC=C(C(O)=O)C=C1)=O,QCXJEYYXVJIFCE-UHFFFAOYAT,4-acetamidobenzoate,4-acetamidobenzoate,556-08-1,NA,D03836,
X4.acetamidobutanoate,0.072841909,NA,Polyamine Metabolism,CC(NCCCC(O)=O)=O,UZTFMUBKZQVKLK-UHFFFAOYAY,4-acetamidobutanoate,4-acetamidobutanoate,3025-96-5,HMDB0003681,C02946,
X4.acetylcatechol.sulfate..1.,-0.169958614,NA,Food Component/Plant,OC1=CC=C(C(C)=O)C=C1OS(=O)(O)=O,NA,4-acetylcatechol sulfate (1),4-acetylcatechol sulfate (1),NA,NA,NA,
X4.acetylphenol.sulfate,-0.21249581,NA,Benzoate Metabolism,O=S(OC1=CC=C(C(C)=O)C=C1)(O)=O,HOFGLAYWQRGTKC-UHFFFAOYAS,4-acetylphenol sulfate,4-acetylphenyl sulfate,NA,NA,NA,
X4.HDoHE,-0.095984139,NA,Docosanoid,OC(CCC(O)=O)/C=C/C=C\C/C=C\C/C=C\C/C=C\C/C=C\CC,IFRKCNPQVIJFAQ-PQVBWYSWBE,4-HDoHE,4-HDoHE,90906-40-4,NA,NA,
X4.hydroxyphenylacetate,0.290312453,NA,Phenylalanine Metabolism,OC(CC1=CC=C(C=C1)O)=O,XQXPVVBIMDBYFF-REWHXWOFAL,4-hydroxyphenylacetate,4-hydroxyphenylacetate,156-38-7,HMDB0000020,C00642,
X4.hydroxyphenylacetoylcarnitine,NA,0.177930096,Tyrosine Metabolism,[O-]C(CC(OC(CC1=CC=C(C=C1)O)=O)C[N+](C)(C)C)=O,NA,4-hydroxyphenylacetoylcarnitine,4-hydroxyphenylacetoylcarnitine,NA,NA,NA,
X4.imidazoleacetate,0.072811489,NA,Histidine Metabolism,O=C(O)CC1=CNC=N1,PRJKNHOMHKJCEJ-UHFFFAOYAF,4-imidazoleacetate,4-imidazoleacetate,645-65-8,HMDB0002024,C02835,
X4.methoxyphenol.sulfate,-0.189894431,NA,Tyrosine Metabolism,COC1=CC=C(OS(=O)(O)=O)C=C1,NA,4-methoxyphenol sulfate,4-methoxyphenol sulfate,3233-60-1,NA,NA,
X4.methyl.2.oxopentanoate,NA,0.291017151,"Leucine, Isoleucine and Valine Metabolism",CC(C)CC(C(O)=O)=O,BKAJNAXTPSGJCU-UHFFFAOYAG,4-methyl-2-oxopentanoate,4-methyl-2-oxopentanoate,816-66-0,HMDB0000695,C00233,
X5.dodecenoate..12.1n7.,-0.210304743,-0.185362884,Medium Chain Fatty Acid,CCCCCC\C=C/CCCC(O)=O,IJBFSOLHRKELLR-FPLPWBNLBG,5-dodecenoate (12:1n7),5-dodecenoate (12:1n7),2430-94-6,HMDB0000529,NA,
X5.dodecenoylcarnitine..C12.1.,NA,-0.188487768,"Fatty Acid Metabolism (Acyl Carnitine, Monounsaturated)",CCCCCC/C=C\CCCC(O[C@@H](C[N+](C)(C)C)CC([O-])=O)=O,NA,5-dodecenoylcarnitine (C12:1),5-dodecenoylcarnitine (C12:1),NA,HMDB13326,NA,
X5.HETE,NA,0.164863001,Eicosanoid,OC(CCCC(O)/C=C/C=C\C/C=C\C/C=C\CCCCC)=O,KGIJOOYOSFUGPC-XTDASVJIBK,5-HETE,5-HETE,73307-52-5,HMDB0011134,C04805,
X5.hydroxy.2.methylpyridine.sulfate,-0.081044496,NA,Chemical,CC1=NC=C(OS(=O)(O)=O)C=C1,NA,5-hydroxy-2-methylpyridine sulfate,5-hydroxy-2-methylpyridine sulfate,NA,NA,NA,
X5.hydroxyhexanoate,0.126288192,NA,"Fatty Acid, Monohydroxy", ,YDCRNMJQROAWFT-UHFFFAOYAI,5-hydroxyhexanoate,5-hydroxyhexanoate,44843-89-2,"HMDB0000409,HMDB0000525",NA,
X5.hydroxyindole.sulfate,0.123188214,NA,Tryptophan Metabolism,OS(OC1=CC=C2C(C=CN2)=C1)(=O)=O,NA,5-hydroxyindole sulfate,5-hydroxyindole sulfate,NA,NA,NA,
X5.hydroxymethyl.2.furoylcarnitine.,0.164388405,NA,Food Component/Plant,OCC1=CC=C(C(OC(CC([O-])=O)C[N+](C)(C)C)=O)O1,NA,5-hydroxymethyl-2-furoylcarnitine*,5-hydroxymethyl-2-furoylcarnitine*,NA,NA,NA,
X5.methylthioadenosine..MTA.,NA,0.228374529,Polyamine Metabolism,NC1=NC=NC2=C1N=CN2[C@H]3[C@H](O)[C@H](O)[C@@H](CSC)O3,WUUGFSXJNOTRMR-IOSLPCCCBD,5-methylthioadenosine (MTA),5-methylthioadenosine (MTA),2457-80-9,HMDB0001173,C00170,
X5alpha.androstan.3alpha.17beta.diol.monosulfate..2.,0.185032062,0.164017591,Androgenic Steroids,C[C@@]12[C@](CCC3C2CC[C@@]4(C)C3CC[C@@H]4O)([H])C[C@H](OS(=O)(O)=O)CC1,NA,"5alpha-androstan-3alpha,17beta-diol monosulfate (2)","5alpha-androstan-3alpha,17beta-diol monosulfate (2)",NA,NA,NA,
X5alpha.pregnan.3beta.20alpha.diol.monosulfate..2.,NA,-0.18205962,Progestin Steroids,C[C@@]12[C@](CCC3C2CC[C@@]4(C)C3CCC4[C@](C)([H])O)([H])C[C@@H](OS(=O)(O)=O)CC1,NA,"5alpha-pregnan-3beta,20alpha-diol monosulfate (2)","5alpha-pregnan-3beta,20alpha-diol monosulfate (2)",NA,NA,NA,
X6.oxopiperidine.2.carboxylate,NA,0.238736084,Lysine Metabolism,OC(C1CCCC(N1)=O)=O,FZXCPFJMYOQZCA-UHFFFAOYAC,6-oxopiperidine-2-carboxylate,6-oxopiperidine-2-carboxylate,34622-39-4,HMDB0061705,NA,
X7.ketodeoxycholate,NA,0.177516329,Secondary Bile Acid Metabolism,[H][C@]1([C@]2(C)[C@](CC1)([H])[C@]3([H])C(C[C@]4([H])C[C@H](O)CC[C@]4(C)[C@@]3([H])C[C@@H]2O)=O)[C@H](C)CCC(O)=O,RHCPKKNRWFXMAT-RRWYKFPJBR,7-ketodeoxycholate,7-ketodeoxycholate,911-40-0,HMDB0000391,NA,
X7.methylxanthine,NA,-0.162381213,Xanthine Metabolism,OC1=C(N2C)C(N=C2)=NC(O)=N1,PFWLFWPASULGAN-UHFFFAOYAY,7-methylxanthine,7-methylxanthine,552-62-5,HMDB0001991,C16353,
xanthine,NA,0.267449252,"Purine Metabolism, (Hypo)Xanthine/Inosine containing",O=C(N1)C(N=CN2)=C2NC1=O,LRFVTYWOQMYALW-UHFFFAOYAT,xanthine,xanthine,69-89-6,HMDB0000292,C00385,-1.0605
ximenoylcarnitine..C26.1..,NA,-0.165497143,"Fatty Acid Metabolism (Acyl Carnitine, Monounsaturated)",O=C(OC(C[N+](C)(C)C)CC([O-])=O)CCC/C=C/CCCCCCCCCCCCCCCCCCCC,NA,ximenoylcarnitine (C26:1)*,ximenoylcarnitine (C26:1)*,NA,NA,NA,7.9027